INSERT INTO HotelChain(NumberOfHotels, HotelChainID, CentralOfficeAddress) VALUES (8, 1, '21799 Stacey Corner
Clarkefort, NM 95498');
INSERT INTO HotelChainPhoneNumber(HotelChainID, PhoneNumber) VALUES (1, '487-877-6757');
INSERT INTO HotelChainEmail(HotelChainID, Email) VALUES (1, 'pcpwwmZHzYNDt@gmail.com');
	INSERT INTO Hotel(HotelChainID, NumberOfRooms, StarRating, Address, ContactEmail, HotelID) VALUES (1, 5, 3, '18214 Collins Greens
East Jeremyview, ND 56987', 'wXjHPhIZUBrM@gmail.com', 1009);
		INSERT INTO HotelPhoneNumber(HotelID, PhoneNumber) VALUES (1009, '916-811-0355');
			INSERT INTO Room(HotelID, RoomNumber, Price, Capacity, View, Extentable) VALUES (1009, 1, 519.04, 3, 'Mountain', False);
			INSERT INTO RoomProblems(HotelID, RoomNumber, Problem) VALUES (1009, 1, 'Leaky Ceiling');
			INSERT INTO RoomAmenities(HotelID, RoomNumber, Amenetie) VALUES (1009, 1, 'Mini-Fridge');
			INSERT INTO Room(HotelID, RoomNumber, Price, Capacity, View, Extentable) VALUES (1009, 2, 474.38, 3, 'Mountain', False);
			INSERT INTO RoomProblems(HotelID, RoomNumber, Problem) VALUES (1009, 2, 'Leaky Ceiling');
			INSERT INTO RoomAmenities(HotelID, RoomNumber, Amenetie) VALUES (1009, 2, 'TV');
			INSERT INTO Room(HotelID, RoomNumber, Price, Capacity, View, Extentable) VALUES (1009, 3, 1146.6, 3, 'Sea', True);
			INSERT INTO RoomProblems(HotelID, RoomNumber, Problem) VALUES (1009, 3, 'Former Crime Scene');
			INSERT INTO RoomAmenities(HotelID, RoomNumber, Amenetie) VALUES (1009, 3, 'Kitchen');
			INSERT INTO Room(HotelID, RoomNumber, Price, Capacity, View, Extentable) VALUES (1009, 4, 701.66, 5, 'Mountain', False);
			INSERT INTO RoomProblems(HotelID, RoomNumber, Problem) VALUES (1009, 4, 'No balcony railings');
			INSERT INTO RoomAmenities(HotelID, RoomNumber, Amenetie) VALUES (1009, 4, 'Balcony');
			INSERT INTO Room(HotelID, RoomNumber, Price, Capacity, View, Extentable) VALUES (1009, 5, 1024.81, 2, 'Mountain', True);
			INSERT INTO RoomProblems(HotelID, RoomNumber, Problem) VALUES (1009, 5, 'No balcony railings');
			INSERT INTO RoomAmenities(HotelID, RoomNumber, Amenetie) VALUES (1009, 5, 'Kitchen');
	INSERT INTO Hotel(HotelChainID, NumberOfRooms, StarRating, Address, ContactEmail, HotelID) VALUES (1, 5, 4, '75503 Payne Mountains Apt. 406
South Davidburgh, NV 98537', 'gqGjOVWwGyTUAwBPKv@gmail.com', 1010);
		INSERT INTO HotelPhoneNumber(HotelID, PhoneNumber) VALUES (1010, '210-108-7407');
			INSERT INTO Room(HotelID, RoomNumber, Price, Capacity, View, Extentable) VALUES (1010, 1, 897.98, 4, 'Mountain', True);
			INSERT INTO RoomProblems(HotelID, RoomNumber, Problem) VALUES (1010, 1, 'Broken toilet');
			INSERT INTO RoomAmenities(HotelID, RoomNumber, Amenetie) VALUES (1010, 1, 'In-room coffee machine');
			INSERT INTO Room(HotelID, RoomNumber, Price, Capacity, View, Extentable) VALUES (1010, 2, 380.29, 1, 'Mountain', False);
			INSERT INTO RoomProblems(HotelID, RoomNumber, Problem) VALUES (1010, 2, 'Cracked window');
			INSERT INTO RoomAmenities(HotelID, RoomNumber, Amenetie) VALUES (1010, 2, 'Mini-Fridge');
			INSERT INTO Room(HotelID, RoomNumber, Price, Capacity, View, Extentable) VALUES (1010, 3, 695.71, 1, 'Sea', True);
			INSERT INTO RoomProblems(HotelID, RoomNumber, Problem) VALUES (1010, 3, 'Broken toilet');
			INSERT INTO RoomAmenities(HotelID, RoomNumber, Amenetie) VALUES (1010, 3, 'Desk');
			INSERT INTO Room(HotelID, RoomNumber, Price, Capacity, View, Extentable) VALUES (1010, 4, 845.86, 5, 'Sea', False);
			INSERT INTO RoomProblems(HotelID, RoomNumber, Problem) VALUES (1010, 4, 'Cracked window');
			INSERT INTO RoomAmenities(HotelID, RoomNumber, Amenetie) VALUES (1010, 4, 'In-room coffee machine');
			INSERT INTO Room(HotelID, RoomNumber, Price, Capacity, View, Extentable) VALUES (1010, 5, 984.84, 3, 'Sea', True);
			INSERT INTO RoomProblems(HotelID, RoomNumber, Problem) VALUES (1010, 5, 'Former Crime Scene');
			INSERT INTO RoomAmenities(HotelID, RoomNumber, Amenetie) VALUES (1010, 5, 'Kitchen');
	INSERT INTO Hotel(HotelChainID, NumberOfRooms, StarRating, Address, ContactEmail, HotelID) VALUES (1, 5, 1, '01878 Ramirez Point Apt. 244
Johnfort, IN 08115', 'OCizsTPPSVEueIxty@gmail.com', 1011);
		INSERT INTO HotelPhoneNumber(HotelID, PhoneNumber) VALUES (1011, '595-652-3183');
			INSERT INTO Room(HotelID, RoomNumber, Price, Capacity, View, Extentable) VALUES (1011, 1, 1046.93, 3, 'Sea', True);
			INSERT INTO RoomProblems(HotelID, RoomNumber, Problem) VALUES (1011, 1, 'Leaky Ceiling');
			INSERT INTO RoomAmenities(HotelID, RoomNumber, Amenetie) VALUES (1011, 1, 'TV');
			INSERT INTO Room(HotelID, RoomNumber, Price, Capacity, View, Extentable) VALUES (1011, 2, 1354.49, 2, 'Mountain', False);
			INSERT INTO RoomProblems(HotelID, RoomNumber, Problem) VALUES (1011, 2, 'Leaky Ceiling');
			INSERT INTO RoomAmenities(HotelID, RoomNumber, Amenetie) VALUES (1011, 2, 'Balcony');
			INSERT INTO Room(HotelID, RoomNumber, Price, Capacity, View, Extentable) VALUES (1011, 3, 843.18, 5, 'Mountain', False);
			INSERT INTO RoomProblems(HotelID, RoomNumber, Problem) VALUES (1011, 3, 'Leaky Ceiling');
			INSERT INTO RoomAmenities(HotelID, RoomNumber, Amenetie) VALUES (1011, 3, 'Mini-Fridge');
			INSERT INTO Room(HotelID, RoomNumber, Price, Capacity, View, Extentable) VALUES (1011, 4, 1257.43, 1, 'Mountain', True);
			INSERT INTO RoomProblems(HotelID, RoomNumber, Problem) VALUES (1011, 4, 'Broken toilet');
			INSERT INTO RoomAmenities(HotelID, RoomNumber, Amenetie) VALUES (1011, 4, 'Mini-Fridge');
			INSERT INTO Room(HotelID, RoomNumber, Price, Capacity, View, Extentable) VALUES (1011, 5, 697.43, 1, 'Mountain', False);
			INSERT INTO RoomProblems(HotelID, RoomNumber, Problem) VALUES (1011, 5, 'Former Crime Scene');
			INSERT INTO RoomAmenities(HotelID, RoomNumber, Amenetie) VALUES (1011, 5, 'Balcony');
	INSERT INTO Hotel(HotelChainID, NumberOfRooms, StarRating, Address, ContactEmail, HotelID) VALUES (1, 5, 4, '93228 Tim Village
Johnsonchester, UT 48207', 'BLCyPUHDMQ@gmail.com', 1012);
		INSERT INTO HotelPhoneNumber(HotelID, PhoneNumber) VALUES (1012, '692-328-7590');
			INSERT INTO Room(HotelID, RoomNumber, Price, Capacity, View, Extentable) VALUES (1012, 1, 859.92, 5, 'Mountain', True);
			INSERT INTO RoomProblems(HotelID, RoomNumber, Problem) VALUES (1012, 1, 'Leaky Ceiling');
			INSERT INTO RoomAmenities(HotelID, RoomNumber, Amenetie) VALUES (1012, 1, 'Desk');
			INSERT INTO Room(HotelID, RoomNumber, Price, Capacity, View, Extentable) VALUES (1012, 2, 309.6, 1, 'Sea', False);
			INSERT INTO RoomProblems(HotelID, RoomNumber, Problem) VALUES (1012, 2, 'No balcony railings');
			INSERT INTO RoomAmenities(HotelID, RoomNumber, Amenetie) VALUES (1012, 2, 'In-room coffee machine');
			INSERT INTO Room(HotelID, RoomNumber, Price, Capacity, View, Extentable) VALUES (1012, 3, 268.38, 2, 'Sea', False);
			INSERT INTO RoomProblems(HotelID, RoomNumber, Problem) VALUES (1012, 3, 'Cracked window');
			INSERT INTO RoomAmenities(HotelID, RoomNumber, Amenetie) VALUES (1012, 3, 'In-room coffee machine');
			INSERT INTO Room(HotelID, RoomNumber, Price, Capacity, View, Extentable) VALUES (1012, 4, 825.48, 1, 'Sea', True);
			INSERT INTO RoomProblems(HotelID, RoomNumber, Problem) VALUES (1012, 4, 'Broken toilet');
			INSERT INTO RoomAmenities(HotelID, RoomNumber, Amenetie) VALUES (1012, 4, 'Desk');
			INSERT INTO Room(HotelID, RoomNumber, Price, Capacity, View, Extentable) VALUES (1012, 5, 349.14, 3, 'Sea', False);
			INSERT INTO RoomProblems(HotelID, RoomNumber, Problem) VALUES (1012, 5, 'Leaky Ceiling');
			INSERT INTO RoomAmenities(HotelID, RoomNumber, Amenetie) VALUES (1012, 5, 'Wifi');
	INSERT INTO Hotel(HotelChainID, NumberOfRooms, StarRating, Address, ContactEmail, HotelID) VALUES (1, 5, 4, '0808 Andrea Avenue
Lake Sherristad, MT 23070', 'rtfXuDQiYXhUnjoeKN@gmail.com', 1013);
		INSERT INTO HotelPhoneNumber(HotelID, PhoneNumber) VALUES (1013, '527-303-7198');
			INSERT INTO Room(HotelID, RoomNumber, Price, Capacity, View, Extentable) VALUES (1013, 1, 1211.61, 2, 'Mountain', True);
			INSERT INTO RoomProblems(HotelID, RoomNumber, Problem) VALUES (1013, 1, 'Leaky Ceiling');
			INSERT INTO RoomAmenities(HotelID, RoomNumber, Amenetie) VALUES (1013, 1, 'Kitchen');
			INSERT INTO Room(HotelID, RoomNumber, Price, Capacity, View, Extentable) VALUES (1013, 2, 1429.33, 4, 'Sea', True);
			INSERT INTO RoomProblems(HotelID, RoomNumber, Problem) VALUES (1013, 2, 'Former Crime Scene');
			INSERT INTO RoomAmenities(HotelID, RoomNumber, Amenetie) VALUES (1013, 2, 'Kitchen');
			INSERT INTO Room(HotelID, RoomNumber, Price, Capacity, View, Extentable) VALUES (1013, 3, 1198.79, 4, 'Mountain', False);
			INSERT INTO RoomProblems(HotelID, RoomNumber, Problem) VALUES (1013, 3, 'Broken toilet');
			INSERT INTO RoomAmenities(HotelID, RoomNumber, Amenetie) VALUES (1013, 3, 'In-room coffee machine');
			INSERT INTO Room(HotelID, RoomNumber, Price, Capacity, View, Extentable) VALUES (1013, 4, 1153.27, 2, 'Mountain', False);
			INSERT INTO RoomProblems(HotelID, RoomNumber, Problem) VALUES (1013, 4, 'Cracked window');
			INSERT INTO RoomAmenities(HotelID, RoomNumber, Amenetie) VALUES (1013, 4, 'Mini-Fridge');
			INSERT INTO Room(HotelID, RoomNumber, Price, Capacity, View, Extentable) VALUES (1013, 5, 732.15, 4, 'Mountain', False);
			INSERT INTO RoomProblems(HotelID, RoomNumber, Problem) VALUES (1013, 5, 'Leaky Ceiling');
			INSERT INTO RoomAmenities(HotelID, RoomNumber, Amenetie) VALUES (1013, 5, 'Balcony');
	INSERT INTO Hotel(HotelChainID, NumberOfRooms, StarRating, Address, ContactEmail, HotelID) VALUES (1, 5, 4, '853 Jasmine Pass
Lucasmouth, GA 01943', 'mdQXUCAiZOaA@gmail.com', 1014);
		INSERT INTO HotelPhoneNumber(HotelID, PhoneNumber) VALUES (1014, '527-663-5769');
			INSERT INTO Room(HotelID, RoomNumber, Price, Capacity, View, Extentable) VALUES (1014, 1, 1297.99, 2, 'Mountain', True);
			INSERT INTO RoomProblems(HotelID, RoomNumber, Problem) VALUES (1014, 1, 'Cracked window');
			INSERT INTO RoomAmenities(HotelID, RoomNumber, Amenetie) VALUES (1014, 1, 'TV');
			INSERT INTO Room(HotelID, RoomNumber, Price, Capacity, View, Extentable) VALUES (1014, 2, 952.08, 4, 'Sea', False);
			INSERT INTO RoomProblems(HotelID, RoomNumber, Problem) VALUES (1014, 2, 'Cracked window');
			INSERT INTO RoomAmenities(HotelID, RoomNumber, Amenetie) VALUES (1014, 2, 'Kitchen');
			INSERT INTO Room(HotelID, RoomNumber, Price, Capacity, View, Extentable) VALUES (1014, 3, 1233.47, 3, 'Sea', False);
			INSERT INTO RoomProblems(HotelID, RoomNumber, Problem) VALUES (1014, 3, 'Broken toilet');
			INSERT INTO RoomAmenities(HotelID, RoomNumber, Amenetie) VALUES (1014, 3, 'Kitchen');
			INSERT INTO Room(HotelID, RoomNumber, Price, Capacity, View, Extentable) VALUES (1014, 4, 834.07, 4, 'Sea', False);
			INSERT INTO RoomProblems(HotelID, RoomNumber, Problem) VALUES (1014, 4, 'Former Crime Scene');
			INSERT INTO RoomAmenities(HotelID, RoomNumber, Amenetie) VALUES (1014, 4, 'Wifi');
			INSERT INTO Room(HotelID, RoomNumber, Price, Capacity, View, Extentable) VALUES (1014, 5, 880.18, 3, 'Sea', True);
			INSERT INTO RoomProblems(HotelID, RoomNumber, Problem) VALUES (1014, 5, 'Cracked window');
			INSERT INTO RoomAmenities(HotelID, RoomNumber, Amenetie) VALUES (1014, 5, 'Balcony');
	INSERT INTO Hotel(HotelChainID, NumberOfRooms, StarRating, Address, ContactEmail, HotelID) VALUES (1, 5, 4, 'USCGC May
FPO AP 09791', 'tpkpLWPmeWxFMBme@gmail.com', 1015);
		INSERT INTO HotelPhoneNumber(HotelID, PhoneNumber) VALUES (1015, '500-432-8748');
			INSERT INTO Room(HotelID, RoomNumber, Price, Capacity, View, Extentable) VALUES (1015, 1, 941.26, 2, 'Sea', True);
			INSERT INTO RoomProblems(HotelID, RoomNumber, Problem) VALUES (1015, 1, 'Broken toilet');
			INSERT INTO RoomAmenities(HotelID, RoomNumber, Amenetie) VALUES (1015, 1, 'Mini-Fridge');
			INSERT INTO Room(HotelID, RoomNumber, Price, Capacity, View, Extentable) VALUES (1015, 2, 644.08, 3, 'Sea', False);
			INSERT INTO RoomProblems(HotelID, RoomNumber, Problem) VALUES (1015, 2, 'No balcony railings');
			INSERT INTO RoomAmenities(HotelID, RoomNumber, Amenetie) VALUES (1015, 2, 'In-room coffee machine');
			INSERT INTO Room(HotelID, RoomNumber, Price, Capacity, View, Extentable) VALUES (1015, 3, 211.66, 3, 'Sea', False);
			INSERT INTO RoomProblems(HotelID, RoomNumber, Problem) VALUES (1015, 3, 'Leaky Ceiling');
			INSERT INTO RoomAmenities(HotelID, RoomNumber, Amenetie) VALUES (1015, 3, 'Balcony');
			INSERT INTO Room(HotelID, RoomNumber, Price, Capacity, View, Extentable) VALUES (1015, 4, 371.04, 4, 'Mountain', True);
			INSERT INTO RoomProblems(HotelID, RoomNumber, Problem) VALUES (1015, 4, 'Leaky Ceiling');
			INSERT INTO RoomAmenities(HotelID, RoomNumber, Amenetie) VALUES (1015, 4, 'Wifi');
			INSERT INTO Room(HotelID, RoomNumber, Price, Capacity, View, Extentable) VALUES (1015, 5, 253.97, 1, 'Mountain', True);
			INSERT INTO RoomProblems(HotelID, RoomNumber, Problem) VALUES (1015, 5, 'No balcony railings');
			INSERT INTO RoomAmenities(HotelID, RoomNumber, Amenetie) VALUES (1015, 5, 'Wifi');
	INSERT INTO Hotel(HotelChainID, NumberOfRooms, StarRating, Address, ContactEmail, HotelID) VALUES (1, 5, 1, '50684 Michael Fork
Donaldburgh, VA 25926', 'OpHCVgZkxZt@gmail.com', 1016);
		INSERT INTO HotelPhoneNumber(HotelID, PhoneNumber) VALUES (1016, '681-328-7242');
			INSERT INTO Room(HotelID, RoomNumber, Price, Capacity, View, Extentable) VALUES (1016, 1, 937.97, 3, 'Mountain', True);
			INSERT INTO RoomProblems(HotelID, RoomNumber, Problem) VALUES (1016, 1, 'Cracked window');
			INSERT INTO RoomAmenities(HotelID, RoomNumber, Amenetie) VALUES (1016, 1, 'Balcony');
			INSERT INTO Room(HotelID, RoomNumber, Price, Capacity, View, Extentable) VALUES (1016, 2, 588.16, 2, 'Sea', True);
			INSERT INTO RoomProblems(HotelID, RoomNumber, Problem) VALUES (1016, 2, 'Broken toilet');
			INSERT INTO RoomAmenities(HotelID, RoomNumber, Amenetie) VALUES (1016, 2, 'TV');
			INSERT INTO Room(HotelID, RoomNumber, Price, Capacity, View, Extentable) VALUES (1016, 3, 269.31, 2, 'Mountain', False);
			INSERT INTO RoomProblems(HotelID, RoomNumber, Problem) VALUES (1016, 3, 'Former Crime Scene');
			INSERT INTO RoomAmenities(HotelID, RoomNumber, Amenetie) VALUES (1016, 3, 'In-room coffee machine');
			INSERT INTO Room(HotelID, RoomNumber, Price, Capacity, View, Extentable) VALUES (1016, 4, 1215.99, 4, 'Mountain', False);
			INSERT INTO RoomProblems(HotelID, RoomNumber, Problem) VALUES (1016, 4, 'Broken toilet');
			INSERT INTO RoomAmenities(HotelID, RoomNumber, Amenetie) VALUES (1016, 4, 'Wifi');
			INSERT INTO Room(HotelID, RoomNumber, Price, Capacity, View, Extentable) VALUES (1016, 5, 200.62, 4, 'Mountain', True);
			INSERT INTO RoomProblems(HotelID, RoomNumber, Problem) VALUES (1016, 5, 'Former Crime Scene');
			INSERT INTO RoomAmenities(HotelID, RoomNumber, Amenetie) VALUES (1016, 5, 'Balcony');
INSERT INTO HotelChain(NumberOfHotels, HotelChainID, CentralOfficeAddress) VALUES (8, 2, '17688 Matthew Ways Suite 268
Kristopherville, OK 26167');
INSERT INTO HotelChainPhoneNumber(HotelChainID, PhoneNumber) VALUES (2, '329-668-9129');
INSERT INTO HotelChainEmail(HotelChainID, Email) VALUES (2, 'LBviwqzkmrxdGADm@gmail.com');
	INSERT INTO Hotel(HotelChainID, NumberOfRooms, StarRating, Address, ContactEmail, HotelID) VALUES (2, 5, 3, 'PSC 6014, Box 2879
APO AP 45256', 'eHSLaYIRNzypiB@gmail.com', 1017);
		INSERT INTO HotelPhoneNumber(HotelID, PhoneNumber) VALUES (1017, '991-298-9950');
			INSERT INTO Room(HotelID, RoomNumber, Price, Capacity, View, Extentable) VALUES (1017, 1, 421.63, 1, 'Mountain', False);
			INSERT INTO RoomProblems(HotelID, RoomNumber, Problem) VALUES (1017, 1, 'Cracked window');
			INSERT INTO RoomAmenities(HotelID, RoomNumber, Amenetie) VALUES (1017, 1, 'Balcony');
			INSERT INTO Room(HotelID, RoomNumber, Price, Capacity, View, Extentable) VALUES (1017, 2, 712.76, 1, 'Mountain', False);
			INSERT INTO RoomProblems(HotelID, RoomNumber, Problem) VALUES (1017, 2, 'No balcony railings');
			INSERT INTO RoomAmenities(HotelID, RoomNumber, Amenetie) VALUES (1017, 2, 'Mini-Fridge');
			INSERT INTO Room(HotelID, RoomNumber, Price, Capacity, View, Extentable) VALUES (1017, 3, 874.18, 1, 'Mountain', False);
			INSERT INTO RoomProblems(HotelID, RoomNumber, Problem) VALUES (1017, 3, 'Broken toilet');
			INSERT INTO RoomAmenities(HotelID, RoomNumber, Amenetie) VALUES (1017, 3, 'Desk');
			INSERT INTO Room(HotelID, RoomNumber, Price, Capacity, View, Extentable) VALUES (1017, 4, 1482.37, 1, 'Mountain', True);
			INSERT INTO RoomProblems(HotelID, RoomNumber, Problem) VALUES (1017, 4, 'Former Crime Scene');
			INSERT INTO RoomAmenities(HotelID, RoomNumber, Amenetie) VALUES (1017, 4, 'In-room coffee machine');
			INSERT INTO Room(HotelID, RoomNumber, Price, Capacity, View, Extentable) VALUES (1017, 5, 1241.99, 5, 'Mountain', True);
			INSERT INTO RoomProblems(HotelID, RoomNumber, Problem) VALUES (1017, 5, 'No balcony railings');
			INSERT INTO RoomAmenities(HotelID, RoomNumber, Amenetie) VALUES (1017, 5, 'Desk');
	INSERT INTO Hotel(HotelChainID, NumberOfRooms, StarRating, Address, ContactEmail, HotelID) VALUES (2, 5, 1, '4504 Alexis Lodge
Campbellfurt, RI 85338', 'WbUarprhVXB@gmail.com', 1018);
		INSERT INTO HotelPhoneNumber(HotelID, PhoneNumber) VALUES (1018, '410-388-6743');
			INSERT INTO Room(HotelID, RoomNumber, Price, Capacity, View, Extentable) VALUES (1018, 1, 1068.22, 4, 'Mountain', False);
			INSERT INTO RoomProblems(HotelID, RoomNumber, Problem) VALUES (1018, 1, 'No balcony railings');
			INSERT INTO RoomAmenities(HotelID, RoomNumber, Amenetie) VALUES (1018, 1, 'Kitchen');
			INSERT INTO Room(HotelID, RoomNumber, Price, Capacity, View, Extentable) VALUES (1018, 2, 1060.42, 4, 'Mountain', False);
			INSERT INTO RoomProblems(HotelID, RoomNumber, Problem) VALUES (1018, 2, 'Cracked window');
			INSERT INTO RoomAmenities(HotelID, RoomNumber, Amenetie) VALUES (1018, 2, 'Kitchen');
			INSERT INTO Room(HotelID, RoomNumber, Price, Capacity, View, Extentable) VALUES (1018, 3, 312.13, 5, 'Mountain', True);
			INSERT INTO RoomProblems(HotelID, RoomNumber, Problem) VALUES (1018, 3, 'Former Crime Scene');
			INSERT INTO RoomAmenities(HotelID, RoomNumber, Amenetie) VALUES (1018, 3, 'Kitchen');
			INSERT INTO Room(HotelID, RoomNumber, Price, Capacity, View, Extentable) VALUES (1018, 4, 910.43, 2, 'Mountain', True);
			INSERT INTO RoomProblems(HotelID, RoomNumber, Problem) VALUES (1018, 4, 'No balcony railings');
			INSERT INTO RoomAmenities(HotelID, RoomNumber, Amenetie) VALUES (1018, 4, 'Wifi');
			INSERT INTO Room(HotelID, RoomNumber, Price, Capacity, View, Extentable) VALUES (1018, 5, 288.37, 5, 'Mountain', False);
			INSERT INTO RoomProblems(HotelID, RoomNumber, Problem) VALUES (1018, 5, 'Former Crime Scene');
			INSERT INTO RoomAmenities(HotelID, RoomNumber, Amenetie) VALUES (1018, 5, 'TV');
	INSERT INTO Hotel(HotelChainID, NumberOfRooms, StarRating, Address, ContactEmail, HotelID) VALUES (2, 5, 4, 'USS Caldwell
FPO AE 31665', 'DgYQXuyeWAMOPyEeOik@gmail.com', 1019);
		INSERT INTO HotelPhoneNumber(HotelID, PhoneNumber) VALUES (1019, '451-180-1492');
			INSERT INTO Room(HotelID, RoomNumber, Price, Capacity, View, Extentable) VALUES (1019, 1, 850.44, 5, 'Mountain', False);
			INSERT INTO RoomProblems(HotelID, RoomNumber, Problem) VALUES (1019, 1, 'No balcony railings');
			INSERT INTO RoomAmenities(HotelID, RoomNumber, Amenetie) VALUES (1019, 1, 'Balcony');
			INSERT INTO Room(HotelID, RoomNumber, Price, Capacity, View, Extentable) VALUES (1019, 2, 893.74, 4, 'Sea', False);
			INSERT INTO RoomProblems(HotelID, RoomNumber, Problem) VALUES (1019, 2, 'Former Crime Scene');
			INSERT INTO RoomAmenities(HotelID, RoomNumber, Amenetie) VALUES (1019, 2, 'Kitchen');
			INSERT INTO Room(HotelID, RoomNumber, Price, Capacity, View, Extentable) VALUES (1019, 3, 967.04, 3, 'Mountain', True);
			INSERT INTO RoomProblems(HotelID, RoomNumber, Problem) VALUES (1019, 3, 'Broken toilet');
			INSERT INTO RoomAmenities(HotelID, RoomNumber, Amenetie) VALUES (1019, 3, 'Wifi');
			INSERT INTO Room(HotelID, RoomNumber, Price, Capacity, View, Extentable) VALUES (1019, 4, 985.8, 5, 'Mountain', True);
			INSERT INTO RoomProblems(HotelID, RoomNumber, Problem) VALUES (1019, 4, 'No balcony railings');
			INSERT INTO RoomAmenities(HotelID, RoomNumber, Amenetie) VALUES (1019, 4, 'Wifi');
			INSERT INTO Room(HotelID, RoomNumber, Price, Capacity, View, Extentable) VALUES (1019, 5, 772.03, 4, 'Mountain', False);
			INSERT INTO RoomProblems(HotelID, RoomNumber, Problem) VALUES (1019, 5, 'Leaky Ceiling');
			INSERT INTO RoomAmenities(HotelID, RoomNumber, Amenetie) VALUES (1019, 5, 'TV');
	INSERT INTO Hotel(HotelChainID, NumberOfRooms, StarRating, Address, ContactEmail, HotelID) VALUES (2, 5, 1, '58721 Melissa Mount
Codyton, CT 34855', 'ceznLGbhrxY@gmail.com', 1020);
		INSERT INTO HotelPhoneNumber(HotelID, PhoneNumber) VALUES (1020, '889-788-4423');
			INSERT INTO Room(HotelID, RoomNumber, Price, Capacity, View, Extentable) VALUES (1020, 1, 827.2, 1, 'Sea', False);
			INSERT INTO RoomProblems(HotelID, RoomNumber, Problem) VALUES (1020, 1, 'Broken toilet');
			INSERT INTO RoomAmenities(HotelID, RoomNumber, Amenetie) VALUES (1020, 1, 'Desk');
			INSERT INTO Room(HotelID, RoomNumber, Price, Capacity, View, Extentable) VALUES (1020, 2, 493.59, 3, 'Sea', True);
			INSERT INTO RoomProblems(HotelID, RoomNumber, Problem) VALUES (1020, 2, 'Leaky Ceiling');
			INSERT INTO RoomAmenities(HotelID, RoomNumber, Amenetie) VALUES (1020, 2, 'Mini-Fridge');
			INSERT INTO Room(HotelID, RoomNumber, Price, Capacity, View, Extentable) VALUES (1020, 3, 363.49, 2, 'Sea', False);
			INSERT INTO RoomProblems(HotelID, RoomNumber, Problem) VALUES (1020, 3, 'Leaky Ceiling');
			INSERT INTO RoomAmenities(HotelID, RoomNumber, Amenetie) VALUES (1020, 3, 'Balcony');
			INSERT INTO Room(HotelID, RoomNumber, Price, Capacity, View, Extentable) VALUES (1020, 4, 1153.86, 2, 'Mountain', True);
			INSERT INTO RoomProblems(HotelID, RoomNumber, Problem) VALUES (1020, 4, 'Leaky Ceiling');
			INSERT INTO RoomAmenities(HotelID, RoomNumber, Amenetie) VALUES (1020, 4, 'Kitchen');
			INSERT INTO Room(HotelID, RoomNumber, Price, Capacity, View, Extentable) VALUES (1020, 5, 1125.03, 1, 'Mountain', True);
			INSERT INTO RoomProblems(HotelID, RoomNumber, Problem) VALUES (1020, 5, 'Leaky Ceiling');
			INSERT INTO RoomAmenities(HotelID, RoomNumber, Amenetie) VALUES (1020, 5, 'Kitchen');
	INSERT INTO Hotel(HotelChainID, NumberOfRooms, StarRating, Address, ContactEmail, HotelID) VALUES (2, 5, 3, '450 Massey Courts
North Christine, MI 10857', 'AHywRjjRcB@gmail.com', 1021);
		INSERT INTO HotelPhoneNumber(HotelID, PhoneNumber) VALUES (1021, '848-132-7315');
			INSERT INTO Room(HotelID, RoomNumber, Price, Capacity, View, Extentable) VALUES (1021, 1, 669.55, 5, 'Mountain', True);
			INSERT INTO RoomProblems(HotelID, RoomNumber, Problem) VALUES (1021, 1, 'Broken toilet');
			INSERT INTO RoomAmenities(HotelID, RoomNumber, Amenetie) VALUES (1021, 1, 'Desk');
			INSERT INTO Room(HotelID, RoomNumber, Price, Capacity, View, Extentable) VALUES (1021, 2, 938.76, 1, 'Mountain', False);
			INSERT INTO RoomProblems(HotelID, RoomNumber, Problem) VALUES (1021, 2, 'Broken toilet');
			INSERT INTO RoomAmenities(HotelID, RoomNumber, Amenetie) VALUES (1021, 2, 'In-room coffee machine');
			INSERT INTO Room(HotelID, RoomNumber, Price, Capacity, View, Extentable) VALUES (1021, 3, 1433.4, 3, 'Sea', False);
			INSERT INTO RoomProblems(HotelID, RoomNumber, Problem) VALUES (1021, 3, 'Former Crime Scene');
			INSERT INTO RoomAmenities(HotelID, RoomNumber, Amenetie) VALUES (1021, 3, 'Desk');
			INSERT INTO Room(HotelID, RoomNumber, Price, Capacity, View, Extentable) VALUES (1021, 4, 801.48, 3, 'Sea', True);
			INSERT INTO RoomProblems(HotelID, RoomNumber, Problem) VALUES (1021, 4, 'Broken toilet');
			INSERT INTO RoomAmenities(HotelID, RoomNumber, Amenetie) VALUES (1021, 4, 'Mini-Fridge');
			INSERT INTO Room(HotelID, RoomNumber, Price, Capacity, View, Extentable) VALUES (1021, 5, 1434.4, 1, 'Sea', False);
			INSERT INTO RoomProblems(HotelID, RoomNumber, Problem) VALUES (1021, 5, 'Leaky Ceiling');
			INSERT INTO RoomAmenities(HotelID, RoomNumber, Amenetie) VALUES (1021, 5, 'Desk');
	INSERT INTO Hotel(HotelChainID, NumberOfRooms, StarRating, Address, ContactEmail, HotelID) VALUES (2, 5, 3, '16972 Wagner Springs Suite 603
Sarahtown, OK 58938', 'UjxnCvwWuKQ@gmail.com', 1022);
		INSERT INTO HotelPhoneNumber(HotelID, PhoneNumber) VALUES (1022, '785-335-5998');
			INSERT INTO Room(HotelID, RoomNumber, Price, Capacity, View, Extentable) VALUES (1022, 1, 591.45, 5, 'Mountain', True);
			INSERT INTO RoomProblems(HotelID, RoomNumber, Problem) VALUES (1022, 1, 'No balcony railings');
			INSERT INTO RoomAmenities(HotelID, RoomNumber, Amenetie) VALUES (1022, 1, 'Balcony');
			INSERT INTO Room(HotelID, RoomNumber, Price, Capacity, View, Extentable) VALUES (1022, 2, 987.85, 3, 'Sea', True);
			INSERT INTO RoomProblems(HotelID, RoomNumber, Problem) VALUES (1022, 2, 'Leaky Ceiling');
			INSERT INTO RoomAmenities(HotelID, RoomNumber, Amenetie) VALUES (1022, 2, 'Mini-Fridge');
			INSERT INTO Room(HotelID, RoomNumber, Price, Capacity, View, Extentable) VALUES (1022, 3, 1033.8, 3, 'Sea', False);
			INSERT INTO RoomProblems(HotelID, RoomNumber, Problem) VALUES (1022, 3, 'Former Crime Scene');
			INSERT INTO RoomAmenities(HotelID, RoomNumber, Amenetie) VALUES (1022, 3, 'Kitchen');
			INSERT INTO Room(HotelID, RoomNumber, Price, Capacity, View, Extentable) VALUES (1022, 4, 436.7, 1, 'Sea', False);
			INSERT INTO RoomProblems(HotelID, RoomNumber, Problem) VALUES (1022, 4, 'Leaky Ceiling');
			INSERT INTO RoomAmenities(HotelID, RoomNumber, Amenetie) VALUES (1022, 4, 'Mini-Fridge');
			INSERT INTO Room(HotelID, RoomNumber, Price, Capacity, View, Extentable) VALUES (1022, 5, 852.45, 1, 'Mountain', True);
			INSERT INTO RoomProblems(HotelID, RoomNumber, Problem) VALUES (1022, 5, 'No balcony railings');
			INSERT INTO RoomAmenities(HotelID, RoomNumber, Amenetie) VALUES (1022, 5, 'Kitchen');
	INSERT INTO Hotel(HotelChainID, NumberOfRooms, StarRating, Address, ContactEmail, HotelID) VALUES (2, 5, 4, '6607 Elizabeth Port
West Mauricefurt, ID 73217', 'OktfcZUXApfCSGJRX@gmail.com', 1023);
		INSERT INTO HotelPhoneNumber(HotelID, PhoneNumber) VALUES (1023, '921-823-9096');
			INSERT INTO Room(HotelID, RoomNumber, Price, Capacity, View, Extentable) VALUES (1023, 1, 1336.78, 1, 'Mountain', False);
			INSERT INTO RoomProblems(HotelID, RoomNumber, Problem) VALUES (1023, 1, 'Cracked window');
			INSERT INTO RoomAmenities(HotelID, RoomNumber, Amenetie) VALUES (1023, 1, 'Desk');
			INSERT INTO Room(HotelID, RoomNumber, Price, Capacity, View, Extentable) VALUES (1023, 2, 343.44, 5, 'Sea', True);
			INSERT INTO RoomProblems(HotelID, RoomNumber, Problem) VALUES (1023, 2, 'Cracked window');
			INSERT INTO RoomAmenities(HotelID, RoomNumber, Amenetie) VALUES (1023, 2, 'Mini-Fridge');
			INSERT INTO Room(HotelID, RoomNumber, Price, Capacity, View, Extentable) VALUES (1023, 3, 325.58, 3, 'Mountain', True);
			INSERT INTO RoomProblems(HotelID, RoomNumber, Problem) VALUES (1023, 3, 'Cracked window');
			INSERT INTO RoomAmenities(HotelID, RoomNumber, Amenetie) VALUES (1023, 3, 'Desk');
			INSERT INTO Room(HotelID, RoomNumber, Price, Capacity, View, Extentable) VALUES (1023, 4, 469.15, 3, 'Sea', False);
			INSERT INTO RoomProblems(HotelID, RoomNumber, Problem) VALUES (1023, 4, 'Cracked window');
			INSERT INTO RoomAmenities(HotelID, RoomNumber, Amenetie) VALUES (1023, 4, 'Balcony');
			INSERT INTO Room(HotelID, RoomNumber, Price, Capacity, View, Extentable) VALUES (1023, 5, 324.84, 4, 'Sea', False);
			INSERT INTO RoomProblems(HotelID, RoomNumber, Problem) VALUES (1023, 5, 'No balcony railings');
			INSERT INTO RoomAmenities(HotelID, RoomNumber, Amenetie) VALUES (1023, 5, 'Balcony');
	INSERT INTO Hotel(HotelChainID, NumberOfRooms, StarRating, Address, ContactEmail, HotelID) VALUES (2, 5, 3, '7612 Potter Burg Apt. 401
Jenniferfurt, OK 71439', 'EnbnHTUDuSE@gmail.com', 1024);
		INSERT INTO HotelPhoneNumber(HotelID, PhoneNumber) VALUES (1024, '291-642-7846');
			INSERT INTO Room(HotelID, RoomNumber, Price, Capacity, View, Extentable) VALUES (1024, 1, 281.25, 1, 'Sea', True);
			INSERT INTO RoomProblems(HotelID, RoomNumber, Problem) VALUES (1024, 1, 'Leaky Ceiling');
			INSERT INTO RoomAmenities(HotelID, RoomNumber, Amenetie) VALUES (1024, 1, 'Balcony');
			INSERT INTO Room(HotelID, RoomNumber, Price, Capacity, View, Extentable) VALUES (1024, 2, 1038.3, 2, 'Sea', False);
			INSERT INTO RoomProblems(HotelID, RoomNumber, Problem) VALUES (1024, 2, 'Cracked window');
			INSERT INTO RoomAmenities(HotelID, RoomNumber, Amenetie) VALUES (1024, 2, 'Mini-Fridge');
			INSERT INTO Room(HotelID, RoomNumber, Price, Capacity, View, Extentable) VALUES (1024, 3, 547.88, 2, 'Mountain', False);
			INSERT INTO RoomProblems(HotelID, RoomNumber, Problem) VALUES (1024, 3, 'No balcony railings');
			INSERT INTO RoomAmenities(HotelID, RoomNumber, Amenetie) VALUES (1024, 3, 'Kitchen');
			INSERT INTO Room(HotelID, RoomNumber, Price, Capacity, View, Extentable) VALUES (1024, 4, 1010.86, 1, 'Mountain', True);
			INSERT INTO RoomProblems(HotelID, RoomNumber, Problem) VALUES (1024, 4, 'Former Crime Scene');
			INSERT INTO RoomAmenities(HotelID, RoomNumber, Amenetie) VALUES (1024, 4, 'In-room coffee machine');
			INSERT INTO Room(HotelID, RoomNumber, Price, Capacity, View, Extentable) VALUES (1024, 5, 1006.86, 2, 'Sea', False);
			INSERT INTO RoomProblems(HotelID, RoomNumber, Problem) VALUES (1024, 5, 'Leaky Ceiling');
			INSERT INTO RoomAmenities(HotelID, RoomNumber, Amenetie) VALUES (1024, 5, 'TV');
INSERT INTO HotelChain(NumberOfHotels, HotelChainID, CentralOfficeAddress) VALUES (8, 3, '4826 Peggy Oval Apt. 244
Houstonshire, NJ 75420');
INSERT INTO HotelChainPhoneNumber(HotelChainID, PhoneNumber) VALUES (3, '189-554-8563');
INSERT INTO HotelChainEmail(HotelChainID, Email) VALUES (3, 'MbtPLWRpsqqfKAjoj@gmail.com');
	INSERT INTO Hotel(HotelChainID, NumberOfRooms, StarRating, Address, ContactEmail, HotelID) VALUES (3, 5, 2, '308 Nielsen Dam Apt. 510
Michelleport, MH 66596', 'UxyoxziZBPmyzU@gmail.com', 1025);
		INSERT INTO HotelPhoneNumber(HotelID, PhoneNumber) VALUES (1025, '270-375-5316');
			INSERT INTO Room(HotelID, RoomNumber, Price, Capacity, View, Extentable) VALUES (1025, 1, 839.35, 1, 'Mountain', False);
			INSERT INTO RoomProblems(HotelID, RoomNumber, Problem) VALUES (1025, 1, 'No balcony railings');
			INSERT INTO RoomAmenities(HotelID, RoomNumber, Amenetie) VALUES (1025, 1, 'Desk');
			INSERT INTO Room(HotelID, RoomNumber, Price, Capacity, View, Extentable) VALUES (1025, 2, 529.88, 3, 'Mountain', True);
			INSERT INTO RoomProblems(HotelID, RoomNumber, Problem) VALUES (1025, 2, 'No balcony railings');
			INSERT INTO RoomAmenities(HotelID, RoomNumber, Amenetie) VALUES (1025, 2, 'Mini-Fridge');
			INSERT INTO Room(HotelID, RoomNumber, Price, Capacity, View, Extentable) VALUES (1025, 3, 203.14, 2, 'Sea', False);
			INSERT INTO RoomProblems(HotelID, RoomNumber, Problem) VALUES (1025, 3, 'Broken toilet');
			INSERT INTO RoomAmenities(HotelID, RoomNumber, Amenetie) VALUES (1025, 3, 'Desk');
			INSERT INTO Room(HotelID, RoomNumber, Price, Capacity, View, Extentable) VALUES (1025, 4, 1386.8, 1, 'Mountain', False);
			INSERT INTO RoomProblems(HotelID, RoomNumber, Problem) VALUES (1025, 4, 'Broken toilet');
			INSERT INTO RoomAmenities(HotelID, RoomNumber, Amenetie) VALUES (1025, 4, 'Mini-Fridge');
			INSERT INTO Room(HotelID, RoomNumber, Price, Capacity, View, Extentable) VALUES (1025, 5, 1345.79, 4, 'Mountain', False);
			INSERT INTO RoomProblems(HotelID, RoomNumber, Problem) VALUES (1025, 5, 'Former Crime Scene');
			INSERT INTO RoomAmenities(HotelID, RoomNumber, Amenetie) VALUES (1025, 5, 'TV');
	INSERT INTO Hotel(HotelChainID, NumberOfRooms, StarRating, Address, ContactEmail, HotelID) VALUES (3, 5, 1, 'USCGC Robertson
FPO AE 06900', 'HccLjeLTlX@gmail.com', 1026);
		INSERT INTO HotelPhoneNumber(HotelID, PhoneNumber) VALUES (1026, '741-122-5101');
			INSERT INTO Room(HotelID, RoomNumber, Price, Capacity, View, Extentable) VALUES (1026, 1, 1109.69, 3, 'Sea', False);
			INSERT INTO RoomProblems(HotelID, RoomNumber, Problem) VALUES (1026, 1, 'No balcony railings');
			INSERT INTO RoomAmenities(HotelID, RoomNumber, Amenetie) VALUES (1026, 1, 'Kitchen');
			INSERT INTO Room(HotelID, RoomNumber, Price, Capacity, View, Extentable) VALUES (1026, 2, 1428.68, 1, 'Mountain', True);
			INSERT INTO RoomProblems(HotelID, RoomNumber, Problem) VALUES (1026, 2, 'Former Crime Scene');
			INSERT INTO RoomAmenities(HotelID, RoomNumber, Amenetie) VALUES (1026, 2, 'Wifi');
			INSERT INTO Room(HotelID, RoomNumber, Price, Capacity, View, Extentable) VALUES (1026, 3, 328.04, 3, 'Mountain', False);
			INSERT INTO RoomProblems(HotelID, RoomNumber, Problem) VALUES (1026, 3, 'Cracked window');
			INSERT INTO RoomAmenities(HotelID, RoomNumber, Amenetie) VALUES (1026, 3, 'TV');
			INSERT INTO Room(HotelID, RoomNumber, Price, Capacity, View, Extentable) VALUES (1026, 4, 1446.37, 4, 'Sea', True);
			INSERT INTO RoomProblems(HotelID, RoomNumber, Problem) VALUES (1026, 4, 'Broken toilet');
			INSERT INTO RoomAmenities(HotelID, RoomNumber, Amenetie) VALUES (1026, 4, 'In-room coffee machine');
			INSERT INTO Room(HotelID, RoomNumber, Price, Capacity, View, Extentable) VALUES (1026, 5, 1328.44, 1, 'Mountain', False);
			INSERT INTO RoomProblems(HotelID, RoomNumber, Problem) VALUES (1026, 5, 'Leaky Ceiling');
			INSERT INTO RoomAmenities(HotelID, RoomNumber, Amenetie) VALUES (1026, 5, 'Mini-Fridge');
	INSERT INTO Hotel(HotelChainID, NumberOfRooms, StarRating, Address, ContactEmail, HotelID) VALUES (3, 5, 4, '98974 Amy Roads
Martinshire, LA 44832', 'jFcIqbDbRoesYImHxEw@gmail.com', 1027);
		INSERT INTO HotelPhoneNumber(HotelID, PhoneNumber) VALUES (1027, '326-188-1204');
			INSERT INTO Room(HotelID, RoomNumber, Price, Capacity, View, Extentable) VALUES (1027, 1, 1260.74, 5, 'Sea', False);
			INSERT INTO RoomProblems(HotelID, RoomNumber, Problem) VALUES (1027, 1, 'Former Crime Scene');
			INSERT INTO RoomAmenities(HotelID, RoomNumber, Amenetie) VALUES (1027, 1, 'Mini-Fridge');
			INSERT INTO Room(HotelID, RoomNumber, Price, Capacity, View, Extentable) VALUES (1027, 2, 212.23, 4, 'Sea', True);
			INSERT INTO RoomProblems(HotelID, RoomNumber, Problem) VALUES (1027, 2, 'Leaky Ceiling');
			INSERT INTO RoomAmenities(HotelID, RoomNumber, Amenetie) VALUES (1027, 2, 'Balcony');
			INSERT INTO Room(HotelID, RoomNumber, Price, Capacity, View, Extentable) VALUES (1027, 3, 1447.59, 2, 'Sea', True);
			INSERT INTO RoomProblems(HotelID, RoomNumber, Problem) VALUES (1027, 3, 'No balcony railings');
			INSERT INTO RoomAmenities(HotelID, RoomNumber, Amenetie) VALUES (1027, 3, 'Mini-Fridge');
			INSERT INTO Room(HotelID, RoomNumber, Price, Capacity, View, Extentable) VALUES (1027, 4, 863.62, 1, 'Sea', True);
			INSERT INTO RoomProblems(HotelID, RoomNumber, Problem) VALUES (1027, 4, 'No balcony railings');
			INSERT INTO RoomAmenities(HotelID, RoomNumber, Amenetie) VALUES (1027, 4, 'Kitchen');
			INSERT INTO Room(HotelID, RoomNumber, Price, Capacity, View, Extentable) VALUES (1027, 5, 251.07, 4, 'Mountain', False);
			INSERT INTO RoomProblems(HotelID, RoomNumber, Problem) VALUES (1027, 5, 'Broken toilet');
			INSERT INTO RoomAmenities(HotelID, RoomNumber, Amenetie) VALUES (1027, 5, 'Desk');
	INSERT INTO Hotel(HotelChainID, NumberOfRooms, StarRating, Address, ContactEmail, HotelID) VALUES (3, 5, 4, '18190 Sims Court
South Madison, CT 22325', 'xtAAFhVDSHnlx@gmail.com', 1028);
		INSERT INTO HotelPhoneNumber(HotelID, PhoneNumber) VALUES (1028, '817-704-1371');
			INSERT INTO Room(HotelID, RoomNumber, Price, Capacity, View, Extentable) VALUES (1028, 1, 294.31, 3, 'Mountain', True);
			INSERT INTO RoomProblems(HotelID, RoomNumber, Problem) VALUES (1028, 1, 'No balcony railings');
			INSERT INTO RoomAmenities(HotelID, RoomNumber, Amenetie) VALUES (1028, 1, 'In-room coffee machine');
			INSERT INTO Room(HotelID, RoomNumber, Price, Capacity, View, Extentable) VALUES (1028, 2, 851.3, 4, 'Mountain', False);
			INSERT INTO RoomProblems(HotelID, RoomNumber, Problem) VALUES (1028, 2, 'Cracked window');
			INSERT INTO RoomAmenities(HotelID, RoomNumber, Amenetie) VALUES (1028, 2, 'Kitchen');
			INSERT INTO Room(HotelID, RoomNumber, Price, Capacity, View, Extentable) VALUES (1028, 3, 1165.22, 5, 'Sea', True);
			INSERT INTO RoomProblems(HotelID, RoomNumber, Problem) VALUES (1028, 3, 'Former Crime Scene');
			INSERT INTO RoomAmenities(HotelID, RoomNumber, Amenetie) VALUES (1028, 3, 'Balcony');
			INSERT INTO Room(HotelID, RoomNumber, Price, Capacity, View, Extentable) VALUES (1028, 4, 604.66, 5, 'Sea', False);
			INSERT INTO RoomProblems(HotelID, RoomNumber, Problem) VALUES (1028, 4, 'Leaky Ceiling');
			INSERT INTO RoomAmenities(HotelID, RoomNumber, Amenetie) VALUES (1028, 4, 'Desk');
			INSERT INTO Room(HotelID, RoomNumber, Price, Capacity, View, Extentable) VALUES (1028, 5, 550.72, 4, 'Mountain', True);
			INSERT INTO RoomProblems(HotelID, RoomNumber, Problem) VALUES (1028, 5, 'Former Crime Scene');
			INSERT INTO RoomAmenities(HotelID, RoomNumber, Amenetie) VALUES (1028, 5, 'Mini-Fridge');
	INSERT INTO Hotel(HotelChainID, NumberOfRooms, StarRating, Address, ContactEmail, HotelID) VALUES (3, 5, 2, '9995 Smith Loaf
Lindseyfurt, OR 72532', 'SScfCRDLBkfpdC@gmail.com', 1029);
		INSERT INTO HotelPhoneNumber(HotelID, PhoneNumber) VALUES (1029, '861-156-7475');
			INSERT INTO Room(HotelID, RoomNumber, Price, Capacity, View, Extentable) VALUES (1029, 1, 946.21, 5, 'Sea', True);
			INSERT INTO RoomProblems(HotelID, RoomNumber, Problem) VALUES (1029, 1, 'Broken toilet');
			INSERT INTO RoomAmenities(HotelID, RoomNumber, Amenetie) VALUES (1029, 1, 'Balcony');
			INSERT INTO Room(HotelID, RoomNumber, Price, Capacity, View, Extentable) VALUES (1029, 2, 1249.78, 4, 'Mountain', True);
			INSERT INTO RoomProblems(HotelID, RoomNumber, Problem) VALUES (1029, 2, 'Cracked window');
			INSERT INTO RoomAmenities(HotelID, RoomNumber, Amenetie) VALUES (1029, 2, 'Balcony');
			INSERT INTO Room(HotelID, RoomNumber, Price, Capacity, View, Extentable) VALUES (1029, 3, 471.49, 3, 'Mountain', True);
			INSERT INTO RoomProblems(HotelID, RoomNumber, Problem) VALUES (1029, 3, 'Former Crime Scene');
			INSERT INTO RoomAmenities(HotelID, RoomNumber, Amenetie) VALUES (1029, 3, 'Wifi');
			INSERT INTO Room(HotelID, RoomNumber, Price, Capacity, View, Extentable) VALUES (1029, 4, 1323.41, 5, 'Mountain', True);
			INSERT INTO RoomProblems(HotelID, RoomNumber, Problem) VALUES (1029, 4, 'Former Crime Scene');
			INSERT INTO RoomAmenities(HotelID, RoomNumber, Amenetie) VALUES (1029, 4, 'Mini-Fridge');
			INSERT INTO Room(HotelID, RoomNumber, Price, Capacity, View, Extentable) VALUES (1029, 5, 751.6, 4, 'Mountain', False);
			INSERT INTO RoomProblems(HotelID, RoomNumber, Problem) VALUES (1029, 5, 'Leaky Ceiling');
			INSERT INTO RoomAmenities(HotelID, RoomNumber, Amenetie) VALUES (1029, 5, 'In-room coffee machine');
	INSERT INTO Hotel(HotelChainID, NumberOfRooms, StarRating, Address, ContactEmail, HotelID) VALUES (3, 5, 1, '615 Edward Cape Suite 096
Floydton, WI 69987', 'JySWzZlqtBxAWdTdfXy@gmail.com', 1030);
		INSERT INTO HotelPhoneNumber(HotelID, PhoneNumber) VALUES (1030, '127-275-5421');
			INSERT INTO Room(HotelID, RoomNumber, Price, Capacity, View, Extentable) VALUES (1030, 1, 1219.39, 2, 'Mountain', True);
			INSERT INTO RoomProblems(HotelID, RoomNumber, Problem) VALUES (1030, 1, 'Former Crime Scene');
			INSERT INTO RoomAmenities(HotelID, RoomNumber, Amenetie) VALUES (1030, 1, 'Wifi');
			INSERT INTO Room(HotelID, RoomNumber, Price, Capacity, View, Extentable) VALUES (1030, 2, 1142.75, 1, 'Mountain', False);
			INSERT INTO RoomProblems(HotelID, RoomNumber, Problem) VALUES (1030, 2, 'Leaky Ceiling');
			INSERT INTO RoomAmenities(HotelID, RoomNumber, Amenetie) VALUES (1030, 2, 'Wifi');
			INSERT INTO Room(HotelID, RoomNumber, Price, Capacity, View, Extentable) VALUES (1030, 3, 533.83, 4, 'Mountain', False);
			INSERT INTO RoomProblems(HotelID, RoomNumber, Problem) VALUES (1030, 3, 'Former Crime Scene');
			INSERT INTO RoomAmenities(HotelID, RoomNumber, Amenetie) VALUES (1030, 3, 'Balcony');
			INSERT INTO Room(HotelID, RoomNumber, Price, Capacity, View, Extentable) VALUES (1030, 4, 935.37, 2, 'Mountain', False);
			INSERT INTO RoomProblems(HotelID, RoomNumber, Problem) VALUES (1030, 4, 'No balcony railings');
			INSERT INTO RoomAmenities(HotelID, RoomNumber, Amenetie) VALUES (1030, 4, 'Wifi');
			INSERT INTO Room(HotelID, RoomNumber, Price, Capacity, View, Extentable) VALUES (1030, 5, 1215.6, 1, 'Mountain', False);
			INSERT INTO RoomProblems(HotelID, RoomNumber, Problem) VALUES (1030, 5, 'Cracked window');
			INSERT INTO RoomAmenities(HotelID, RoomNumber, Amenetie) VALUES (1030, 5, 'Mini-Fridge');
	INSERT INTO Hotel(HotelChainID, NumberOfRooms, StarRating, Address, ContactEmail, HotelID) VALUES (3, 5, 1, '675 Booker Key
Theresaland, PW 59790', 'QfIwudyBryhqUJaWki@gmail.com', 1031);
		INSERT INTO HotelPhoneNumber(HotelID, PhoneNumber) VALUES (1031, '416-044-0789');
			INSERT INTO Room(HotelID, RoomNumber, Price, Capacity, View, Extentable) VALUES (1031, 1, 570.41, 2, 'Mountain', True);
			INSERT INTO RoomProblems(HotelID, RoomNumber, Problem) VALUES (1031, 1, 'Leaky Ceiling');
			INSERT INTO RoomAmenities(HotelID, RoomNumber, Amenetie) VALUES (1031, 1, 'Kitchen');
			INSERT INTO Room(HotelID, RoomNumber, Price, Capacity, View, Extentable) VALUES (1031, 2, 466.75, 1, 'Sea', True);
			INSERT INTO RoomProblems(HotelID, RoomNumber, Problem) VALUES (1031, 2, 'Broken toilet');
			INSERT INTO RoomAmenities(HotelID, RoomNumber, Amenetie) VALUES (1031, 2, 'Kitchen');
			INSERT INTO Room(HotelID, RoomNumber, Price, Capacity, View, Extentable) VALUES (1031, 3, 963.74, 1, 'Sea', True);
			INSERT INTO RoomProblems(HotelID, RoomNumber, Problem) VALUES (1031, 3, 'Former Crime Scene');
			INSERT INTO RoomAmenities(HotelID, RoomNumber, Amenetie) VALUES (1031, 3, 'TV');
			INSERT INTO Room(HotelID, RoomNumber, Price, Capacity, View, Extentable) VALUES (1031, 4, 1165.94, 1, 'Sea', True);
			INSERT INTO RoomProblems(HotelID, RoomNumber, Problem) VALUES (1031, 4, 'Broken toilet');
			INSERT INTO RoomAmenities(HotelID, RoomNumber, Amenetie) VALUES (1031, 4, 'In-room coffee machine');
			INSERT INTO Room(HotelID, RoomNumber, Price, Capacity, View, Extentable) VALUES (1031, 5, 359.6, 5, 'Mountain', True);
			INSERT INTO RoomProblems(HotelID, RoomNumber, Problem) VALUES (1031, 5, 'Former Crime Scene');
			INSERT INTO RoomAmenities(HotelID, RoomNumber, Amenetie) VALUES (1031, 5, 'Balcony');
	INSERT INTO Hotel(HotelChainID, NumberOfRooms, StarRating, Address, ContactEmail, HotelID) VALUES (3, 5, 3, '37496 Juan Pass Apt. 987
Lake Tyler, UT 62459', 'zmnyEXAIBhuh@gmail.com', 1032);
		INSERT INTO HotelPhoneNumber(HotelID, PhoneNumber) VALUES (1032, '896-689-9638');
			INSERT INTO Room(HotelID, RoomNumber, Price, Capacity, View, Extentable) VALUES (1032, 1, 640.94, 2, 'Sea', False);
			INSERT INTO RoomProblems(HotelID, RoomNumber, Problem) VALUES (1032, 1, 'Broken toilet');
			INSERT INTO RoomAmenities(HotelID, RoomNumber, Amenetie) VALUES (1032, 1, 'Wifi');
			INSERT INTO Room(HotelID, RoomNumber, Price, Capacity, View, Extentable) VALUES (1032, 2, 655.35, 2, 'Sea', False);
			INSERT INTO RoomProblems(HotelID, RoomNumber, Problem) VALUES (1032, 2, 'Cracked window');
			INSERT INTO RoomAmenities(HotelID, RoomNumber, Amenetie) VALUES (1032, 2, 'Kitchen');
			INSERT INTO Room(HotelID, RoomNumber, Price, Capacity, View, Extentable) VALUES (1032, 3, 629.65, 3, 'Sea', True);
			INSERT INTO RoomProblems(HotelID, RoomNumber, Problem) VALUES (1032, 3, 'Leaky Ceiling');
			INSERT INTO RoomAmenities(HotelID, RoomNumber, Amenetie) VALUES (1032, 3, 'Kitchen');
			INSERT INTO Room(HotelID, RoomNumber, Price, Capacity, View, Extentable) VALUES (1032, 4, 606.34, 4, 'Sea', True);
			INSERT INTO RoomProblems(HotelID, RoomNumber, Problem) VALUES (1032, 4, 'Broken toilet');
			INSERT INTO RoomAmenities(HotelID, RoomNumber, Amenetie) VALUES (1032, 4, 'Kitchen');
			INSERT INTO Room(HotelID, RoomNumber, Price, Capacity, View, Extentable) VALUES (1032, 5, 519.49, 3, 'Mountain', True);
			INSERT INTO RoomProblems(HotelID, RoomNumber, Problem) VALUES (1032, 5, 'Leaky Ceiling');
			INSERT INTO RoomAmenities(HotelID, RoomNumber, Amenetie) VALUES (1032, 5, 'Kitchen');
INSERT INTO HotelChain(NumberOfHotels, HotelChainID, CentralOfficeAddress) VALUES (8, 4, '323 Galvan Gardens
North Josephport, PA 85218');
INSERT INTO HotelChainPhoneNumber(HotelChainID, PhoneNumber) VALUES (4, '889-392-2365');
INSERT INTO HotelChainEmail(HotelChainID, Email) VALUES (4, 'cBdOLUBUOBkUC@gmail.com');
	INSERT INTO Hotel(HotelChainID, NumberOfRooms, StarRating, Address, ContactEmail, HotelID) VALUES (4, 5, 4, '27087 Nathan Oval Suite 532
Serranoborough, PA 58286', 'ydeBiCWqVJVShNwHkK@gmail.com', 1033);
		INSERT INTO HotelPhoneNumber(HotelID, PhoneNumber) VALUES (1033, '882-163-9474');
			INSERT INTO Room(HotelID, RoomNumber, Price, Capacity, View, Extentable) VALUES (1033, 1, 776.84, 4, 'Sea', True);
			INSERT INTO RoomProblems(HotelID, RoomNumber, Problem) VALUES (1033, 1, 'Leaky Ceiling');
			INSERT INTO RoomAmenities(HotelID, RoomNumber, Amenetie) VALUES (1033, 1, 'Balcony');
			INSERT INTO Room(HotelID, RoomNumber, Price, Capacity, View, Extentable) VALUES (1033, 2, 526.54, 3, 'Mountain', True);
			INSERT INTO RoomProblems(HotelID, RoomNumber, Problem) VALUES (1033, 2, 'Cracked window');
			INSERT INTO RoomAmenities(HotelID, RoomNumber, Amenetie) VALUES (1033, 2, 'Balcony');
			INSERT INTO Room(HotelID, RoomNumber, Price, Capacity, View, Extentable) VALUES (1033, 3, 1388.24, 2, 'Sea', True);
			INSERT INTO RoomProblems(HotelID, RoomNumber, Problem) VALUES (1033, 3, 'Leaky Ceiling');
			INSERT INTO RoomAmenities(HotelID, RoomNumber, Amenetie) VALUES (1033, 3, 'Mini-Fridge');
			INSERT INTO Room(HotelID, RoomNumber, Price, Capacity, View, Extentable) VALUES (1033, 4, 1339.78, 4, 'Sea', False);
			INSERT INTO RoomProblems(HotelID, RoomNumber, Problem) VALUES (1033, 4, 'Former Crime Scene');
			INSERT INTO RoomAmenities(HotelID, RoomNumber, Amenetie) VALUES (1033, 4, 'Mini-Fridge');
			INSERT INTO Room(HotelID, RoomNumber, Price, Capacity, View, Extentable) VALUES (1033, 5, 298.7, 3, 'Sea', True);
			INSERT INTO RoomProblems(HotelID, RoomNumber, Problem) VALUES (1033, 5, 'No balcony railings');
			INSERT INTO RoomAmenities(HotelID, RoomNumber, Amenetie) VALUES (1033, 5, 'TV');
	INSERT INTO Hotel(HotelChainID, NumberOfRooms, StarRating, Address, ContactEmail, HotelID) VALUES (4, 5, 3, '197 Ray Pines
Adamberg, NY 27495', 'EzVhGyBcuufe@gmail.com', 1034);
		INSERT INTO HotelPhoneNumber(HotelID, PhoneNumber) VALUES (1034, '420-771-3590');
			INSERT INTO Room(HotelID, RoomNumber, Price, Capacity, View, Extentable) VALUES (1034, 1, 590.27, 3, 'Mountain', False);
			INSERT INTO RoomProblems(HotelID, RoomNumber, Problem) VALUES (1034, 1, 'Cracked window');
			INSERT INTO RoomAmenities(HotelID, RoomNumber, Amenetie) VALUES (1034, 1, 'Balcony');
			INSERT INTO Room(HotelID, RoomNumber, Price, Capacity, View, Extentable) VALUES (1034, 2, 1078.13, 1, 'Sea', True);
			INSERT INTO RoomProblems(HotelID, RoomNumber, Problem) VALUES (1034, 2, 'Leaky Ceiling');
			INSERT INTO RoomAmenities(HotelID, RoomNumber, Amenetie) VALUES (1034, 2, 'Mini-Fridge');
			INSERT INTO Room(HotelID, RoomNumber, Price, Capacity, View, Extentable) VALUES (1034, 3, 1480.32, 1, 'Sea', False);
			INSERT INTO RoomProblems(HotelID, RoomNumber, Problem) VALUES (1034, 3, 'No balcony railings');
			INSERT INTO RoomAmenities(HotelID, RoomNumber, Amenetie) VALUES (1034, 3, 'Balcony');
			INSERT INTO Room(HotelID, RoomNumber, Price, Capacity, View, Extentable) VALUES (1034, 4, 971.37, 4, 'Mountain', True);
			INSERT INTO RoomProblems(HotelID, RoomNumber, Problem) VALUES (1034, 4, 'Cracked window');
			INSERT INTO RoomAmenities(HotelID, RoomNumber, Amenetie) VALUES (1034, 4, 'Wifi');
			INSERT INTO Room(HotelID, RoomNumber, Price, Capacity, View, Extentable) VALUES (1034, 5, 1288.82, 3, 'Sea', True);
			INSERT INTO RoomProblems(HotelID, RoomNumber, Problem) VALUES (1034, 5, 'Former Crime Scene');
			INSERT INTO RoomAmenities(HotelID, RoomNumber, Amenetie) VALUES (1034, 5, 'Mini-Fridge');
	INSERT INTO Hotel(HotelChainID, NumberOfRooms, StarRating, Address, ContactEmail, HotelID) VALUES (4, 5, 2, '441 Gross Skyway Apt. 165
Cesarstad, MI 37230', 'WwaTgogwzZPQFTc@gmail.com', 1035);
		INSERT INTO HotelPhoneNumber(HotelID, PhoneNumber) VALUES (1035, '216-498-2143');
			INSERT INTO Room(HotelID, RoomNumber, Price, Capacity, View, Extentable) VALUES (1035, 1, 1416.68, 3, 'Sea', False);
			INSERT INTO RoomProblems(HotelID, RoomNumber, Problem) VALUES (1035, 1, 'Cracked window');
			INSERT INTO RoomAmenities(HotelID, RoomNumber, Amenetie) VALUES (1035, 1, 'Mini-Fridge');
			INSERT INTO Room(HotelID, RoomNumber, Price, Capacity, View, Extentable) VALUES (1035, 2, 676.21, 4, 'Mountain', True);
			INSERT INTO RoomProblems(HotelID, RoomNumber, Problem) VALUES (1035, 2, 'Leaky Ceiling');
			INSERT INTO RoomAmenities(HotelID, RoomNumber, Amenetie) VALUES (1035, 2, 'Desk');
			INSERT INTO Room(HotelID, RoomNumber, Price, Capacity, View, Extentable) VALUES (1035, 3, 884.45, 5, 'Mountain', False);
			INSERT INTO RoomProblems(HotelID, RoomNumber, Problem) VALUES (1035, 3, 'Cracked window');
			INSERT INTO RoomAmenities(HotelID, RoomNumber, Amenetie) VALUES (1035, 3, 'Kitchen');
			INSERT INTO Room(HotelID, RoomNumber, Price, Capacity, View, Extentable) VALUES (1035, 4, 868.8, 1, 'Mountain', True);
			INSERT INTO RoomProblems(HotelID, RoomNumber, Problem) VALUES (1035, 4, 'Former Crime Scene');
			INSERT INTO RoomAmenities(HotelID, RoomNumber, Amenetie) VALUES (1035, 4, 'In-room coffee machine');
			INSERT INTO Room(HotelID, RoomNumber, Price, Capacity, View, Extentable) VALUES (1035, 5, 1237.54, 5, 'Mountain', False);
			INSERT INTO RoomProblems(HotelID, RoomNumber, Problem) VALUES (1035, 5, 'Broken toilet');
			INSERT INTO RoomAmenities(HotelID, RoomNumber, Amenetie) VALUES (1035, 5, 'Desk');
	INSERT INTO Hotel(HotelChainID, NumberOfRooms, StarRating, Address, ContactEmail, HotelID) VALUES (4, 5, 4, '84250 Smith Springs Apt. 875
Lisahaven, AS 26621', 'uIwOpzbCIxHBotUtv@gmail.com', 1036);
		INSERT INTO HotelPhoneNumber(HotelID, PhoneNumber) VALUES (1036, '144-154-0213');
			INSERT INTO Room(HotelID, RoomNumber, Price, Capacity, View, Extentable) VALUES (1036, 1, 540.29, 4, 'Sea', True);
			INSERT INTO RoomProblems(HotelID, RoomNumber, Problem) VALUES (1036, 1, 'Leaky Ceiling');
			INSERT INTO RoomAmenities(HotelID, RoomNumber, Amenetie) VALUES (1036, 1, 'Mini-Fridge');
			INSERT INTO Room(HotelID, RoomNumber, Price, Capacity, View, Extentable) VALUES (1036, 2, 490.07, 3, 'Sea', False);
			INSERT INTO RoomProblems(HotelID, RoomNumber, Problem) VALUES (1036, 2, 'No balcony railings');
			INSERT INTO RoomAmenities(HotelID, RoomNumber, Amenetie) VALUES (1036, 2, 'TV');
			INSERT INTO Room(HotelID, RoomNumber, Price, Capacity, View, Extentable) VALUES (1036, 3, 1314.19, 4, 'Mountain', True);
			INSERT INTO RoomProblems(HotelID, RoomNumber, Problem) VALUES (1036, 3, 'No balcony railings');
			INSERT INTO RoomAmenities(HotelID, RoomNumber, Amenetie) VALUES (1036, 3, 'Kitchen');
			INSERT INTO Room(HotelID, RoomNumber, Price, Capacity, View, Extentable) VALUES (1036, 4, 1464.74, 1, 'Sea', True);
			INSERT INTO RoomProblems(HotelID, RoomNumber, Problem) VALUES (1036, 4, 'Broken toilet');
			INSERT INTO RoomAmenities(HotelID, RoomNumber, Amenetie) VALUES (1036, 4, 'Balcony');
			INSERT INTO Room(HotelID, RoomNumber, Price, Capacity, View, Extentable) VALUES (1036, 5, 1303.17, 3, 'Sea', False);
			INSERT INTO RoomProblems(HotelID, RoomNumber, Problem) VALUES (1036, 5, 'Leaky Ceiling');
			INSERT INTO RoomAmenities(HotelID, RoomNumber, Amenetie) VALUES (1036, 5, 'Mini-Fridge');
	INSERT INTO Hotel(HotelChainID, NumberOfRooms, StarRating, Address, ContactEmail, HotelID) VALUES (4, 5, 1, '342 Jeremy Orchard Apt. 613
East Coleberg, IA 76456', 'YeFUBoyUlcfS@gmail.com', 1037);
		INSERT INTO HotelPhoneNumber(HotelID, PhoneNumber) VALUES (1037, '701-706-3186');
			INSERT INTO Room(HotelID, RoomNumber, Price, Capacity, View, Extentable) VALUES (1037, 1, 448.74, 1, 'Sea', True);
			INSERT INTO RoomProblems(HotelID, RoomNumber, Problem) VALUES (1037, 1, 'Cracked window');
			INSERT INTO RoomAmenities(HotelID, RoomNumber, Amenetie) VALUES (1037, 1, 'Balcony');
			INSERT INTO Room(HotelID, RoomNumber, Price, Capacity, View, Extentable) VALUES (1037, 2, 914.98, 4, 'Sea', False);
			INSERT INTO RoomProblems(HotelID, RoomNumber, Problem) VALUES (1037, 2, 'No balcony railings');
			INSERT INTO RoomAmenities(HotelID, RoomNumber, Amenetie) VALUES (1037, 2, 'Mini-Fridge');
			INSERT INTO Room(HotelID, RoomNumber, Price, Capacity, View, Extentable) VALUES (1037, 3, 221.37, 3, 'Mountain', False);
			INSERT INTO RoomProblems(HotelID, RoomNumber, Problem) VALUES (1037, 3, 'No balcony railings');
			INSERT INTO RoomAmenities(HotelID, RoomNumber, Amenetie) VALUES (1037, 3, 'TV');
			INSERT INTO Room(HotelID, RoomNumber, Price, Capacity, View, Extentable) VALUES (1037, 4, 648.15, 1, 'Mountain', True);
			INSERT INTO RoomProblems(HotelID, RoomNumber, Problem) VALUES (1037, 4, 'No balcony railings');
			INSERT INTO RoomAmenities(HotelID, RoomNumber, Amenetie) VALUES (1037, 4, 'Balcony');
			INSERT INTO Room(HotelID, RoomNumber, Price, Capacity, View, Extentable) VALUES (1037, 5, 1434.1, 3, 'Sea', False);
			INSERT INTO RoomProblems(HotelID, RoomNumber, Problem) VALUES (1037, 5, 'Leaky Ceiling');
			INSERT INTO RoomAmenities(HotelID, RoomNumber, Amenetie) VALUES (1037, 5, 'In-room coffee machine');
	INSERT INTO Hotel(HotelChainID, NumberOfRooms, StarRating, Address, ContactEmail, HotelID) VALUES (4, 5, 4, '2408 Lopez Mountains
Campbellfurt, GU 63668', 'QIepKosVvWpVvu@gmail.com', 1038);
		INSERT INTO HotelPhoneNumber(HotelID, PhoneNumber) VALUES (1038, '810-361-7000');
			INSERT INTO Room(HotelID, RoomNumber, Price, Capacity, View, Extentable) VALUES (1038, 1, 1058.43, 3, 'Mountain', False);
			INSERT INTO RoomProblems(HotelID, RoomNumber, Problem) VALUES (1038, 1, 'Former Crime Scene');
			INSERT INTO RoomAmenities(HotelID, RoomNumber, Amenetie) VALUES (1038, 1, 'Mini-Fridge');
			INSERT INTO Room(HotelID, RoomNumber, Price, Capacity, View, Extentable) VALUES (1038, 2, 581.44, 3, 'Mountain', False);
			INSERT INTO RoomProblems(HotelID, RoomNumber, Problem) VALUES (1038, 2, 'Cracked window');
			INSERT INTO RoomAmenities(HotelID, RoomNumber, Amenetie) VALUES (1038, 2, 'Balcony');
			INSERT INTO Room(HotelID, RoomNumber, Price, Capacity, View, Extentable) VALUES (1038, 3, 1347.2, 2, 'Sea', False);
			INSERT INTO RoomProblems(HotelID, RoomNumber, Problem) VALUES (1038, 3, 'Former Crime Scene');
			INSERT INTO RoomAmenities(HotelID, RoomNumber, Amenetie) VALUES (1038, 3, 'Kitchen');
			INSERT INTO Room(HotelID, RoomNumber, Price, Capacity, View, Extentable) VALUES (1038, 4, 1033.18, 3, 'Mountain', False);
			INSERT INTO RoomProblems(HotelID, RoomNumber, Problem) VALUES (1038, 4, 'Broken toilet');
			INSERT INTO RoomAmenities(HotelID, RoomNumber, Amenetie) VALUES (1038, 4, 'Mini-Fridge');
			INSERT INTO Room(HotelID, RoomNumber, Price, Capacity, View, Extentable) VALUES (1038, 5, 1052.96, 2, 'Sea', False);
			INSERT INTO RoomProblems(HotelID, RoomNumber, Problem) VALUES (1038, 5, 'No balcony railings');
			INSERT INTO RoomAmenities(HotelID, RoomNumber, Amenetie) VALUES (1038, 5, 'Mini-Fridge');
	INSERT INTO Hotel(HotelChainID, NumberOfRooms, StarRating, Address, ContactEmail, HotelID) VALUES (4, 5, 2, '202 Flowers Inlet Apt. 753
East Walter, WA 65104', 'XXCWYAUNqvUoDY@gmail.com', 1039);
		INSERT INTO HotelPhoneNumber(HotelID, PhoneNumber) VALUES (1039, '262-586-0706');
			INSERT INTO Room(HotelID, RoomNumber, Price, Capacity, View, Extentable) VALUES (1039, 1, 1375.43, 5, 'Sea', True);
			INSERT INTO RoomProblems(HotelID, RoomNumber, Problem) VALUES (1039, 1, 'No balcony railings');
			INSERT INTO RoomAmenities(HotelID, RoomNumber, Amenetie) VALUES (1039, 1, 'Mini-Fridge');
			INSERT INTO Room(HotelID, RoomNumber, Price, Capacity, View, Extentable) VALUES (1039, 2, 357.57, 1, 'Sea', True);
			INSERT INTO RoomProblems(HotelID, RoomNumber, Problem) VALUES (1039, 2, 'Former Crime Scene');
			INSERT INTO RoomAmenities(HotelID, RoomNumber, Amenetie) VALUES (1039, 2, 'TV');
			INSERT INTO Room(HotelID, RoomNumber, Price, Capacity, View, Extentable) VALUES (1039, 3, 1442.83, 5, 'Mountain', False);
			INSERT INTO RoomProblems(HotelID, RoomNumber, Problem) VALUES (1039, 3, 'Leaky Ceiling');
			INSERT INTO RoomAmenities(HotelID, RoomNumber, Amenetie) VALUES (1039, 3, 'In-room coffee machine');
			INSERT INTO Room(HotelID, RoomNumber, Price, Capacity, View, Extentable) VALUES (1039, 4, 524.52, 2, 'Sea', False);
			INSERT INTO RoomProblems(HotelID, RoomNumber, Problem) VALUES (1039, 4, 'Cracked window');
			INSERT INTO RoomAmenities(HotelID, RoomNumber, Amenetie) VALUES (1039, 4, 'Balcony');
			INSERT INTO Room(HotelID, RoomNumber, Price, Capacity, View, Extentable) VALUES (1039, 5, 752.7, 2, 'Sea', True);
			INSERT INTO RoomProblems(HotelID, RoomNumber, Problem) VALUES (1039, 5, 'No balcony railings');
			INSERT INTO RoomAmenities(HotelID, RoomNumber, Amenetie) VALUES (1039, 5, 'Balcony');
	INSERT INTO Hotel(HotelChainID, NumberOfRooms, StarRating, Address, ContactEmail, HotelID) VALUES (4, 5, 5, '8117 Peter Terrace Apt. 909
Lake Debra, SC 50978', 'iPmSWXbvKtb@gmail.com', 1040);
		INSERT INTO HotelPhoneNumber(HotelID, PhoneNumber) VALUES (1040, '126-486-1810');
			INSERT INTO Room(HotelID, RoomNumber, Price, Capacity, View, Extentable) VALUES (1040, 1, 877.99, 2, 'Mountain', True);
			INSERT INTO RoomProblems(HotelID, RoomNumber, Problem) VALUES (1040, 1, 'Broken toilet');
			INSERT INTO RoomAmenities(HotelID, RoomNumber, Amenetie) VALUES (1040, 1, 'Balcony');
			INSERT INTO Room(HotelID, RoomNumber, Price, Capacity, View, Extentable) VALUES (1040, 2, 718.93, 5, 'Mountain', True);
			INSERT INTO RoomProblems(HotelID, RoomNumber, Problem) VALUES (1040, 2, 'Cracked window');
			INSERT INTO RoomAmenities(HotelID, RoomNumber, Amenetie) VALUES (1040, 2, 'Desk');
			INSERT INTO Room(HotelID, RoomNumber, Price, Capacity, View, Extentable) VALUES (1040, 3, 723.75, 2, 'Sea', False);
			INSERT INTO RoomProblems(HotelID, RoomNumber, Problem) VALUES (1040, 3, 'Cracked window');
			INSERT INTO RoomAmenities(HotelID, RoomNumber, Amenetie) VALUES (1040, 3, 'Desk');
			INSERT INTO Room(HotelID, RoomNumber, Price, Capacity, View, Extentable) VALUES (1040, 4, 996.6, 4, 'Mountain', True);
			INSERT INTO RoomProblems(HotelID, RoomNumber, Problem) VALUES (1040, 4, 'Leaky Ceiling');
			INSERT INTO RoomAmenities(HotelID, RoomNumber, Amenetie) VALUES (1040, 4, 'Wifi');
			INSERT INTO Room(HotelID, RoomNumber, Price, Capacity, View, Extentable) VALUES (1040, 5, 664.19, 4, 'Sea', False);
			INSERT INTO RoomProblems(HotelID, RoomNumber, Problem) VALUES (1040, 5, 'Former Crime Scene');
			INSERT INTO RoomAmenities(HotelID, RoomNumber, Amenetie) VALUES (1040, 5, 'Kitchen');
INSERT INTO HotelChain(NumberOfHotels, HotelChainID, CentralOfficeAddress) VALUES (8, 5, '251 Gomez Route Suite 828
East Johnton, VT 97853');
INSERT INTO HotelChainPhoneNumber(HotelChainID, PhoneNumber) VALUES (5, '636-307-6908');
INSERT INTO HotelChainEmail(HotelChainID, Email) VALUES (5, 'SfYEeFGTSBlFzIJ@gmail.com');
	INSERT INTO Hotel(HotelChainID, NumberOfRooms, StarRating, Address, ContactEmail, HotelID) VALUES (5, 5, 2, '608 Walters Crescent
Monicahaven, OR 96951', 'KgjOYNNWGWURBreI@gmail.com', 1041);
		INSERT INTO HotelPhoneNumber(HotelID, PhoneNumber) VALUES (1041, '851-033-7490');
			INSERT INTO Room(HotelID, RoomNumber, Price, Capacity, View, Extentable) VALUES (1041, 1, 1444.83, 5, 'Sea', False);
			INSERT INTO RoomProblems(HotelID, RoomNumber, Problem) VALUES (1041, 1, 'Cracked window');
			INSERT INTO RoomAmenities(HotelID, RoomNumber, Amenetie) VALUES (1041, 1, 'Mini-Fridge');
			INSERT INTO Room(HotelID, RoomNumber, Price, Capacity, View, Extentable) VALUES (1041, 2, 1448.9, 2, 'Sea', False);
			INSERT INTO RoomProblems(HotelID, RoomNumber, Problem) VALUES (1041, 2, 'Former Crime Scene');
			INSERT INTO RoomAmenities(HotelID, RoomNumber, Amenetie) VALUES (1041, 2, 'Desk');
			INSERT INTO Room(HotelID, RoomNumber, Price, Capacity, View, Extentable) VALUES (1041, 3, 1455.24, 5, 'Mountain', False);
			INSERT INTO RoomProblems(HotelID, RoomNumber, Problem) VALUES (1041, 3, 'Former Crime Scene');
			INSERT INTO RoomAmenities(HotelID, RoomNumber, Amenetie) VALUES (1041, 3, 'Mini-Fridge');
			INSERT INTO Room(HotelID, RoomNumber, Price, Capacity, View, Extentable) VALUES (1041, 4, 1190.55, 3, 'Sea', True);
			INSERT INTO RoomProblems(HotelID, RoomNumber, Problem) VALUES (1041, 4, 'No balcony railings');
			INSERT INTO RoomAmenities(HotelID, RoomNumber, Amenetie) VALUES (1041, 4, 'Balcony');
			INSERT INTO Room(HotelID, RoomNumber, Price, Capacity, View, Extentable) VALUES (1041, 5, 539.96, 3, 'Sea', True);
			INSERT INTO RoomProblems(HotelID, RoomNumber, Problem) VALUES (1041, 5, 'Cracked window');
			INSERT INTO RoomAmenities(HotelID, RoomNumber, Amenetie) VALUES (1041, 5, 'Kitchen');
	INSERT INTO Hotel(HotelChainID, NumberOfRooms, StarRating, Address, ContactEmail, HotelID) VALUES (5, 5, 4, '95293 Carolyn Points
North Christopher, MD 91000', 'gBxUixpLzvA@gmail.com', 1042);
		INSERT INTO HotelPhoneNumber(HotelID, PhoneNumber) VALUES (1042, '389-538-1830');
			INSERT INTO Room(HotelID, RoomNumber, Price, Capacity, View, Extentable) VALUES (1042, 1, 703.15, 1, 'Sea', False);
			INSERT INTO RoomProblems(HotelID, RoomNumber, Problem) VALUES (1042, 1, 'Cracked window');
			INSERT INTO RoomAmenities(HotelID, RoomNumber, Amenetie) VALUES (1042, 1, 'Balcony');
			INSERT INTO Room(HotelID, RoomNumber, Price, Capacity, View, Extentable) VALUES (1042, 2, 1410.98, 2, 'Sea', False);
			INSERT INTO RoomProblems(HotelID, RoomNumber, Problem) VALUES (1042, 2, 'Broken toilet');
			INSERT INTO RoomAmenities(HotelID, RoomNumber, Amenetie) VALUES (1042, 2, 'Wifi');
			INSERT INTO Room(HotelID, RoomNumber, Price, Capacity, View, Extentable) VALUES (1042, 3, 1136.17, 2, 'Sea', False);
			INSERT INTO RoomProblems(HotelID, RoomNumber, Problem) VALUES (1042, 3, 'Former Crime Scene');
			INSERT INTO RoomAmenities(HotelID, RoomNumber, Amenetie) VALUES (1042, 3, 'TV');
			INSERT INTO Room(HotelID, RoomNumber, Price, Capacity, View, Extentable) VALUES (1042, 4, 1386.29, 3, 'Sea', False);
			INSERT INTO RoomProblems(HotelID, RoomNumber, Problem) VALUES (1042, 4, 'Broken toilet');
			INSERT INTO RoomAmenities(HotelID, RoomNumber, Amenetie) VALUES (1042, 4, 'Wifi');
			INSERT INTO Room(HotelID, RoomNumber, Price, Capacity, View, Extentable) VALUES (1042, 5, 1161.37, 1, 'Sea', False);
			INSERT INTO RoomProblems(HotelID, RoomNumber, Problem) VALUES (1042, 5, 'Leaky Ceiling');
			INSERT INTO RoomAmenities(HotelID, RoomNumber, Amenetie) VALUES (1042, 5, 'Mini-Fridge');
	INSERT INTO Hotel(HotelChainID, NumberOfRooms, StarRating, Address, ContactEmail, HotelID) VALUES (5, 5, 1, '53263 Crystal Courts Apt. 692
Nicoleland, DC 15956', 'BEdFAKrsALYsmcQ@gmail.com', 1043);
		INSERT INTO HotelPhoneNumber(HotelID, PhoneNumber) VALUES (1043, '761-318-5593');
			INSERT INTO Room(HotelID, RoomNumber, Price, Capacity, View, Extentable) VALUES (1043, 1, 229.23, 5, 'Sea', False);
			INSERT INTO RoomProblems(HotelID, RoomNumber, Problem) VALUES (1043, 1, 'Cracked window');
			INSERT INTO RoomAmenities(HotelID, RoomNumber, Amenetie) VALUES (1043, 1, 'Desk');
			INSERT INTO Room(HotelID, RoomNumber, Price, Capacity, View, Extentable) VALUES (1043, 2, 620.05, 2, 'Sea', False);
			INSERT INTO RoomProblems(HotelID, RoomNumber, Problem) VALUES (1043, 2, 'Former Crime Scene');
			INSERT INTO RoomAmenities(HotelID, RoomNumber, Amenetie) VALUES (1043, 2, 'In-room coffee machine');
			INSERT INTO Room(HotelID, RoomNumber, Price, Capacity, View, Extentable) VALUES (1043, 3, 868.36, 3, 'Mountain', False);
			INSERT INTO RoomProblems(HotelID, RoomNumber, Problem) VALUES (1043, 3, 'Former Crime Scene');
			INSERT INTO RoomAmenities(HotelID, RoomNumber, Amenetie) VALUES (1043, 3, 'In-room coffee machine');
			INSERT INTO Room(HotelID, RoomNumber, Price, Capacity, View, Extentable) VALUES (1043, 4, 358.85, 3, 'Mountain', True);
			INSERT INTO RoomProblems(HotelID, RoomNumber, Problem) VALUES (1043, 4, 'Cracked window');
			INSERT INTO RoomAmenities(HotelID, RoomNumber, Amenetie) VALUES (1043, 4, 'TV');
			INSERT INTO Room(HotelID, RoomNumber, Price, Capacity, View, Extentable) VALUES (1043, 5, 1191.58, 3, 'Mountain', False);
			INSERT INTO RoomProblems(HotelID, RoomNumber, Problem) VALUES (1043, 5, 'Former Crime Scene');
			INSERT INTO RoomAmenities(HotelID, RoomNumber, Amenetie) VALUES (1043, 5, 'TV');
	INSERT INTO Hotel(HotelChainID, NumberOfRooms, StarRating, Address, ContactEmail, HotelID) VALUES (5, 5, 1, '305 Riley Lights Suite 827
Richardfurt, AS 94844', 'LXnfUFwPGgZ@gmail.com', 1044);
		INSERT INTO HotelPhoneNumber(HotelID, PhoneNumber) VALUES (1044, '820-035-1509');
			INSERT INTO Room(HotelID, RoomNumber, Price, Capacity, View, Extentable) VALUES (1044, 1, 673.73, 3, 'Sea', False);
			INSERT INTO RoomProblems(HotelID, RoomNumber, Problem) VALUES (1044, 1, 'Cracked window');
			INSERT INTO RoomAmenities(HotelID, RoomNumber, Amenetie) VALUES (1044, 1, 'Kitchen');
			INSERT INTO Room(HotelID, RoomNumber, Price, Capacity, View, Extentable) VALUES (1044, 2, 296.17, 2, 'Mountain', False);
			INSERT INTO RoomProblems(HotelID, RoomNumber, Problem) VALUES (1044, 2, 'Former Crime Scene');
			INSERT INTO RoomAmenities(HotelID, RoomNumber, Amenetie) VALUES (1044, 2, 'Desk');
			INSERT INTO Room(HotelID, RoomNumber, Price, Capacity, View, Extentable) VALUES (1044, 3, 1435.16, 4, 'Sea', True);
			INSERT INTO RoomProblems(HotelID, RoomNumber, Problem) VALUES (1044, 3, 'Cracked window');
			INSERT INTO RoomAmenities(HotelID, RoomNumber, Amenetie) VALUES (1044, 3, 'Wifi');
			INSERT INTO Room(HotelID, RoomNumber, Price, Capacity, View, Extentable) VALUES (1044, 4, 490.87, 5, 'Mountain', False);
			INSERT INTO RoomProblems(HotelID, RoomNumber, Problem) VALUES (1044, 4, 'No balcony railings');
			INSERT INTO RoomAmenities(HotelID, RoomNumber, Amenetie) VALUES (1044, 4, 'Kitchen');
			INSERT INTO Room(HotelID, RoomNumber, Price, Capacity, View, Extentable) VALUES (1044, 5, 561.31, 1, 'Mountain', True);
			INSERT INTO RoomProblems(HotelID, RoomNumber, Problem) VALUES (1044, 5, 'Former Crime Scene');
			INSERT INTO RoomAmenities(HotelID, RoomNumber, Amenetie) VALUES (1044, 5, 'Wifi');
	INSERT INTO Hotel(HotelChainID, NumberOfRooms, StarRating, Address, ContactEmail, HotelID) VALUES (5, 5, 5, '28636 Ryan Brook
Mooreborough, WY 24836', 'FDQLmOlqIvWTjnihhr@gmail.com', 1045);
		INSERT INTO HotelPhoneNumber(HotelID, PhoneNumber) VALUES (1045, '668-115-0211');
			INSERT INTO Room(HotelID, RoomNumber, Price, Capacity, View, Extentable) VALUES (1045, 1, 1257.77, 3, 'Sea', False);
			INSERT INTO RoomProblems(HotelID, RoomNumber, Problem) VALUES (1045, 1, 'Leaky Ceiling');
			INSERT INTO RoomAmenities(HotelID, RoomNumber, Amenetie) VALUES (1045, 1, 'Kitchen');
			INSERT INTO Room(HotelID, RoomNumber, Price, Capacity, View, Extentable) VALUES (1045, 2, 391.02, 2, 'Mountain', True);
			INSERT INTO RoomProblems(HotelID, RoomNumber, Problem) VALUES (1045, 2, 'Broken toilet');
			INSERT INTO RoomAmenities(HotelID, RoomNumber, Amenetie) VALUES (1045, 2, 'Mini-Fridge');
			INSERT INTO Room(HotelID, RoomNumber, Price, Capacity, View, Extentable) VALUES (1045, 3, 300.72, 4, 'Sea', False);
			INSERT INTO RoomProblems(HotelID, RoomNumber, Problem) VALUES (1045, 3, 'Former Crime Scene');
			INSERT INTO RoomAmenities(HotelID, RoomNumber, Amenetie) VALUES (1045, 3, 'Mini-Fridge');
			INSERT INTO Room(HotelID, RoomNumber, Price, Capacity, View, Extentable) VALUES (1045, 4, 1038.31, 4, 'Mountain', True);
			INSERT INTO RoomProblems(HotelID, RoomNumber, Problem) VALUES (1045, 4, 'Cracked window');
			INSERT INTO RoomAmenities(HotelID, RoomNumber, Amenetie) VALUES (1045, 4, 'Desk');
			INSERT INTO Room(HotelID, RoomNumber, Price, Capacity, View, Extentable) VALUES (1045, 5, 403.85, 2, 'Sea', False);
			INSERT INTO RoomProblems(HotelID, RoomNumber, Problem) VALUES (1045, 5, 'Cracked window');
			INSERT INTO RoomAmenities(HotelID, RoomNumber, Amenetie) VALUES (1045, 5, 'Desk');
	INSERT INTO Hotel(HotelChainID, NumberOfRooms, StarRating, Address, ContactEmail, HotelID) VALUES (5, 5, 3, '9812 Brittany Streets
Williamston, IL 12909', 'nPBvkBKudqgzeXuRGS@gmail.com', 1046);
		INSERT INTO HotelPhoneNumber(HotelID, PhoneNumber) VALUES (1046, '279-256-5923');
			INSERT INTO Room(HotelID, RoomNumber, Price, Capacity, View, Extentable) VALUES (1046, 1, 829.13, 1, 'Mountain', False);
			INSERT INTO RoomProblems(HotelID, RoomNumber, Problem) VALUES (1046, 1, 'Broken toilet');
			INSERT INTO RoomAmenities(HotelID, RoomNumber, Amenetie) VALUES (1046, 1, 'Mini-Fridge');
			INSERT INTO Room(HotelID, RoomNumber, Price, Capacity, View, Extentable) VALUES (1046, 2, 968.07, 3, 'Sea', False);
			INSERT INTO RoomProblems(HotelID, RoomNumber, Problem) VALUES (1046, 2, 'Broken toilet');
			INSERT INTO RoomAmenities(HotelID, RoomNumber, Amenetie) VALUES (1046, 2, 'In-room coffee machine');
			INSERT INTO Room(HotelID, RoomNumber, Price, Capacity, View, Extentable) VALUES (1046, 3, 1305.1, 2, 'Mountain', False);
			INSERT INTO RoomProblems(HotelID, RoomNumber, Problem) VALUES (1046, 3, 'Broken toilet');
			INSERT INTO RoomAmenities(HotelID, RoomNumber, Amenetie) VALUES (1046, 3, 'Wifi');
			INSERT INTO Room(HotelID, RoomNumber, Price, Capacity, View, Extentable) VALUES (1046, 4, 1365.45, 3, 'Sea', False);
			INSERT INTO RoomProblems(HotelID, RoomNumber, Problem) VALUES (1046, 4, 'No balcony railings');
			INSERT INTO RoomAmenities(HotelID, RoomNumber, Amenetie) VALUES (1046, 4, 'Desk');
			INSERT INTO Room(HotelID, RoomNumber, Price, Capacity, View, Extentable) VALUES (1046, 5, 975.75, 3, 'Sea', False);
			INSERT INTO RoomProblems(HotelID, RoomNumber, Problem) VALUES (1046, 5, 'Former Crime Scene');
			INSERT INTO RoomAmenities(HotelID, RoomNumber, Amenetie) VALUES (1046, 5, 'Wifi');
	INSERT INTO Hotel(HotelChainID, NumberOfRooms, StarRating, Address, ContactEmail, HotelID) VALUES (5, 5, 5, '764 Adams Canyon Suite 015
South Jeffrey, SC 23401', 'edqCXyPYfqPDPomyoTP@gmail.com', 1047);
		INSERT INTO HotelPhoneNumber(HotelID, PhoneNumber) VALUES (1047, '242-789-7000');
			INSERT INTO Room(HotelID, RoomNumber, Price, Capacity, View, Extentable) VALUES (1047, 1, 763.28, 4, 'Mountain', False);
			INSERT INTO RoomProblems(HotelID, RoomNumber, Problem) VALUES (1047, 1, 'No balcony railings');
			INSERT INTO RoomAmenities(HotelID, RoomNumber, Amenetie) VALUES (1047, 1, 'Mini-Fridge');
			INSERT INTO Room(HotelID, RoomNumber, Price, Capacity, View, Extentable) VALUES (1047, 2, 1368.52, 3, 'Mountain', False);
			INSERT INTO RoomProblems(HotelID, RoomNumber, Problem) VALUES (1047, 2, 'Former Crime Scene');
			INSERT INTO RoomAmenities(HotelID, RoomNumber, Amenetie) VALUES (1047, 2, 'In-room coffee machine');
			INSERT INTO Room(HotelID, RoomNumber, Price, Capacity, View, Extentable) VALUES (1047, 3, 1043.2, 3, 'Sea', True);
			INSERT INTO RoomProblems(HotelID, RoomNumber, Problem) VALUES (1047, 3, 'Leaky Ceiling');
			INSERT INTO RoomAmenities(HotelID, RoomNumber, Amenetie) VALUES (1047, 3, 'Desk');
			INSERT INTO Room(HotelID, RoomNumber, Price, Capacity, View, Extentable) VALUES (1047, 4, 377.31, 4, 'Mountain', False);
			INSERT INTO RoomProblems(HotelID, RoomNumber, Problem) VALUES (1047, 4, 'Cracked window');
			INSERT INTO RoomAmenities(HotelID, RoomNumber, Amenetie) VALUES (1047, 4, 'Mini-Fridge');
			INSERT INTO Room(HotelID, RoomNumber, Price, Capacity, View, Extentable) VALUES (1047, 5, 719.28, 2, 'Sea', False);
			INSERT INTO RoomProblems(HotelID, RoomNumber, Problem) VALUES (1047, 5, 'Leaky Ceiling');
			INSERT INTO RoomAmenities(HotelID, RoomNumber, Amenetie) VALUES (1047, 5, 'Balcony');
	INSERT INTO Hotel(HotelChainID, NumberOfRooms, StarRating, Address, ContactEmail, HotelID) VALUES (5, 5, 5, '347 Thompson Heights
Susanside, OK 76913', 'niwZwEnYZDrkzbmQP@gmail.com', 1048);
		INSERT INTO HotelPhoneNumber(HotelID, PhoneNumber) VALUES (1048, '163-080-1181');
			INSERT INTO Room(HotelID, RoomNumber, Price, Capacity, View, Extentable) VALUES (1048, 1, 1348.11, 4, 'Sea', True);
			INSERT INTO RoomProblems(HotelID, RoomNumber, Problem) VALUES (1048, 1, 'Leaky Ceiling');
			INSERT INTO RoomAmenities(HotelID, RoomNumber, Amenetie) VALUES (1048, 1, 'In-room coffee machine');
			INSERT INTO Room(HotelID, RoomNumber, Price, Capacity, View, Extentable) VALUES (1048, 2, 1495.6, 5, 'Sea', False);
			INSERT INTO RoomProblems(HotelID, RoomNumber, Problem) VALUES (1048, 2, 'Former Crime Scene');
			INSERT INTO RoomAmenities(HotelID, RoomNumber, Amenetie) VALUES (1048, 2, 'Kitchen');
			INSERT INTO Room(HotelID, RoomNumber, Price, Capacity, View, Extentable) VALUES (1048, 3, 753.09, 4, 'Mountain', False);
			INSERT INTO RoomProblems(HotelID, RoomNumber, Problem) VALUES (1048, 3, 'No balcony railings');
			INSERT INTO RoomAmenities(HotelID, RoomNumber, Amenetie) VALUES (1048, 3, 'TV');
			INSERT INTO Room(HotelID, RoomNumber, Price, Capacity, View, Extentable) VALUES (1048, 4, 842.54, 1, 'Sea', False);
			INSERT INTO RoomProblems(HotelID, RoomNumber, Problem) VALUES (1048, 4, 'Cracked window');
			INSERT INTO RoomAmenities(HotelID, RoomNumber, Amenetie) VALUES (1048, 4, 'In-room coffee machine');
			INSERT INTO Room(HotelID, RoomNumber, Price, Capacity, View, Extentable) VALUES (1048, 5, 1358.2, 5, 'Sea', False);
			INSERT INTO RoomProblems(HotelID, RoomNumber, Problem) VALUES (1048, 5, 'Broken toilet');
			INSERT INTO RoomAmenities(HotelID, RoomNumber, Amenetie) VALUES (1048, 5, 'Kitchen');
